{
  "sheet": "Construction Impacts",
  "data": {
    "State": [
      "Building Permits",
      "Spending",
      "Economic Contribution",
      "Earnings",
      "Direct Jobs",
      "Total Employment ",
      "Spending per 100",
      "Employment per 100",
      null,
      "Ec. Cont. per 100",
      "Earnings per 100",
      "Employment per 100"
    ],
    "Alabama": [
      2189,
      175398931.232368,
      377055082.4702209,
      127322084.18157573,
      1160.2115111760763,
      3421.173693580455,
      8012742.404402376,
      53.00189635340686,
      null,
      17224992.346743762,
      5816449.711355676,
      156.2893418721085
    ],
    "Alaska": [
      87,
      9152729.275732871,
      16688171.288443742,
      5769880.535422002,
      44.65640485831369,
      126.82753902797525,
      10520378.477853876,
      51.32920098656746,
      null,
      19181806.078670967,
      6632046.592439082,
      145.77878049192557
    ],
    "Arizona": [
      6396,
      728760894.0368212,
      1520268101.0502129,
      538554300.6932108,
      4180.194330660407,
      13165.940063848018,
      11394010.225716405,
      65.35638415666678,
      null,
      23769044.731866997,
      8420173.556804422,
      205.84646753983768
    ],
    "Arkansas": [
      1402,
      74254746.80237831,
      145554154.68202198,
      47708674.82052806,
      473.1660860300234,
      1339.1546566821721,
      5296344.279770208,
      33.749364196150026,
      null,
      10381894.057205562,
      3402901.199752358,
      95.51745054794381
    ],
    "California": [
      41267,
      5987101968.032975,
      13707469955.811497,
      4704664726.480312,
      30327.6156551841,
      100325.26896813177,
      14508207.449131206,
      73.49120521284344,
      null,
      33216540.9547859,
      11400549.413527304,
      243.11258140434674
    ],
    "Colorado": [
      11189,
      1031707675.8797255,
      2340222521.1979814,
      807414427.1434731,
      5781.267038400658,
      19452.229204106694,
      9220731.753326708,
      51.669202237918114,
      null,
      20915385.836070973,
      7216144.670153483,
      173.8513647699231
    ],
    "Connecticut": [
      2268,
      195447807.9488305,
      382256822.78632265,
      128350575.47999696,
      874.8171872582878,
      2730.523145729931,
      8617628.216438735,
      38.57218638704973,
      null,
      16854357.265710875,
      5659196.449735316,
      120.39343676057896
    ],
    "Delaware": [
      860,
      75349893.46328618,
      141951664.2954848,
      40485497.75782366,
      323.97660987082577,
      981.0254729346007,
      8761615.518986765,
      37.67169882218904,
      null,
      16506007.476219164,
      4707616.018351588,
      114.07272941100008
    ],
    "District of Columbia": [
      2810,
      175661697.2820252,
      211198058.64217886,
      15914949.773751482,
      121.09580695832484,
      312.74808584091767,
      6251305.953096982,
      4.309459322360315,
      null,
      7515945.147408501,
      566368.3193505866,
      11.129825118893867
    ],
    "Florida": [
      29478,
      2474862038.698742,
      5174689036.715199,
      1840307411.9763846,
      15738.125157011462,
      49666.7688236257,
      8395623.986358443,
      53.389392621655,
      null,
      17554410.19307687,
      6242985.996256139,
      168.48757997023444
    ],
    "Georgia": [
      10912,
      878369856.112513,
      1988014495.3394506,
      669581341.3145686,
      5517.636012780538,
      17592.43066314947,
      8049577.127130801,
      50.56484615817942,
      null,
      18218607.91183514,
      6136192.6440118095,
      161.22095549073927
    ],
    "Hawaii": [
      1500,
      245949022.47937807,
      474632423.5807038,
      168302916.0826384,
      1288.2950166111616,
      3857.7350124912928,
      16396601.498625206,
      85.88633444074411,
      null,
      31642161.57204692,
      11220194.405509228,
      257.1823341660862
    ],
    "Idaho": [
      1492,
      121174045.1823322,
      219179612.92580247,
      77393862.65795559,
      793.2084693059759,
      2207.657811772392,
      8121584.797743446,
      53.16410652184825,
      null,
      14690322.582158342,
      5187256.2103187395,
      147.96634127160803
    ],
    "Illinois": [
      4880,
      460443047.2183468,
      1090789578.8602636,
      357303804.6414371,
      2322.8062834704056,
      7856.079271639433,
      9435308.344638254,
      47.598489415377166,
      null,
      22352245.468448024,
      7321799.275439286,
      160.98523097621788
    ],
    "Indiana": [
      5311,
      330514743.6447951,
      720456038.1969244,
      234665467.98780453,
      1956.8977236451535,
      6063.887898702328,
      6223211.1399886105,
      36.846125468747005,
      null,
      13565355.642947175,
      4418479.909391914,
      114.17601014314306
    ],
    "Iowa": [
      2861,
      293468188.0911158,
      528770981.3025724,
      177724334.7079797,
      1800.0175181588081,
      4796.32667888596,
      10257538.905666402,
      62.91567697164656,
      null,
      18482033.600229725,
      6211965.5612715725,
      167.64511285864944
    ],
    "Kansas": [
      2875,
      240719632.34639257,
      465359193.2520461,
      142867101.797584,
      1332.6436021989525,
      3657.3737340549155,
      8372856.777265828,
      46.35282094605052,
      null,
      16186406.7218103,
      4969290.49730727,
      127.21299944538836
    ],
    "Kentucky": [
      2388,
      109148176.60047635,
      231536027.02259052,
      72572622.62165673,
      676.4767575150195,
      2017.2875147476639,
      4570694.16249901,
      28.32817242525207,
      null,
      9695813.52690915,
      3039054.548645592,
      84.47602658072294
    ],
    "Louisiana": [
      1158,
      59024688.26631133,
      123538672.54138961,
      42031480.5144403,
      357.3462808585131,
      1023.8953648868761,
      5097123.3390597,
      30.85891889969889,
      null,
      10668279.148651954,
      3629661.5297444128,
      88.41928885033472
    ],
    "Maine": [
      493,
      42485985.65398979,
      84313438.53034274,
      29752935.75348905,
      282.4626968606986,
      834.8326237066377,
      8617846.988638904,
      57.29466467762649,
      null,
      17102117.348953903,
      6035078.2461438235,
      169.33724618795895
    ],
    "Maryland": [
      7029,
      550358304.8355072,
      1085086433.813686,
      352779673.3995601,
      2435.1368881948492,
      7700.9986520718,
      7829823.656786273,
      34.644144091547155,
      null,
      15437280.321719816,
      5018916.964000002,
      109.56037348231328
    ],
    "Massachusetts": [
      6755,
      1441612341.0012898,
      2945214012.6656356,
      977557328.4329747,
      6453.726400289905,
      20703.715635290024,
      21341411.413786676,
      95.5399911219823,
      null,
      43600503.51836618,
      14471611.079688745,
      306.49468001909736
    ],
    "Michigan": [
      2324,
      204086241.8313193,
      442499789.53866655,
      153962660.83754727,
      1256.0343104319659,
      4176.502487332851,
      8781679.941106683,
      54.046226782786825,
      null,
      19040438.44830751,
      6624899.34757088,
      179.7118109867836
    ],
    "Minnesota": [
      5856,
      682705957.6623194,
      1472733291.8691554,
      490933854.15497386,
      3692.3195814147257,
      12209.85469981175,
      11658230.151337422,
      63.051905420333426,
      null,
      25149134.082465082,
      8383433.301826739,
      208.50161714159412
    ],
    "Mississippi": [
      1372,
      72162126.38717864,
      146034495.1697334,
      47713597.96720252,
      481.99459274807754,
      1344.9577116042356,
      5259630.203147131,
      35.13080122070536,
      null,
      10643913.642108848,
      3477667.490320883,
      98.02898772625623
    ],