{
  "sheet": "Construction Impacts (metro)",
  "data": {
    "Metro": [
      "Building Permits",
      "Spending",
      "Economic Contribution",
      "Earnings",
      "Direct Jobs",
      "Total Employment ",
      "Spending per 100",
      "Employment per 100",
      null,
      "Ec. Cont. per 100",
      "Earnings per 100",
      "Employment per 100"
    ],
    "Albuquerque": [
      1061,
      64034530.44991201,
      121659204.40178783,
      43364184.02068041,
      427.00538301646566,
      1192.7007607070163,
      6035299.759652405,
      40.24555919099582,
      null,
      11466466.013363604,
      4087104.9972366076,
      112.41288979330973
    ],
    "Atlanta": [
      9266,
      765394284.5518944,
      1706446557.4084485,
      591037466.5309728,
      4898.292967452168,
      15617.717297424495,
      8260244.814935187,
      52.863079726442564,
      null,
      18416215.814898,
      6378561.046092951,
      168.54864339978948
    ],
    "Austin": [
      11509,
      801906664.3862044,
      1625544999.3772748,
      557485513.0812893,
      3912.769075558922,
      12915.268164604891,
      6967648.487150963,
      33.997472200529344,
      null,
      14124120.248303717,
      4843909.22826735,
      112.21885623950726
    ],
    "Baltimore": [
      3291,
      272293912.0435543,
      541347526.5337903,
      179659523.16633713,
      1240.3366758532839,
      3922.5027205522174,
      8273895.838455007,
      37.68874736716147,
      null,
      16449332.316432402,
      5459116.474212614,
      119.18877911127977
    ],
    "Birmingham": [
      714,
      58020299.615975924,
      120409527.79303484,
      40498169.13195119,
      374.53320869187905,
      1104.4047991301784,
      8126092.383189905,
      52.45563146945085,
      null,
      16864079.52283401,
      5672012.4834665535,
      154.6785432955432
    ],
    "Boston": [
      6506,
      1419648038.0807452,
      2742476079.9643836,
      862152253.5264364,
      5806.92591875043,
      18628.76352049935,
      21820596.957896482,
      89.254932658322,
      null,
      42153029.20326442,
      13251648.532530533,
      286.3320553412135
    ],
    "Charleston": [
      1602,
      100138931.41764855,
      190394150.3043752,
      67633834.27947983,
      632.3146157179316,
      1934.3136409427245,
      6250869.6265698215,
      39.470325575401475,
      null,
      11884778.420997202,
      4221837.345785257,
      120.74367296771065
    ],
    "Charlotte": [
      5057,
      323745060.41809386,
      683393448.0365543,
      217491931.58887544,
      1920.9250125517185,
      6028.294897515117,
      6401919.328022422,
      37.98546593932605,
      null,
      13513811.50952253,
      4300809.404565462,
      119.2069388474415
    ],
    "Chicago": [
      3844,
      386506385.6339749,
      926649059.5574548,
      312567714.0621955,
      2201.9030462152373,
      7447.166387756865,
      10054796.712642428,
      57.281556873445304,
      null,
      24106375.11856022,
      8131314.10151393,
      193.73481757952302
    ],
    "Cincinnati": [
      902,
      60805273.997542776,
      132677107.86263834,
      44935097.48418411,
      358.03833091056134,
      1179.4946244769349,
      6741161.197066826,
      39.69382826059439,
      null,
      14709213.731999816,
      4981718.124632385,
      130.76437078458258
    ],
    "Columbus": [
      4452,
      220202271.42297474,
      455114054.57700425,
      149098957.9804962,
      1181.0072814338862,
      3890.6218124096868,
      4946142.664487303,
      26.52756696841613,
      null,
      10222687.65896236,
      3349033.198124353,
      87.39042705322747
    ],
    "Dallas": [
      16244,
      1033912663.3556336,
      2428247281.157041,
      829094564.7448826,
      5822.023350033676,
      19217.33467379116,
      6364889.579879547,
      35.84106962591527,
      null,
      14948579.667305104,
      5104004.954105408,
      118.30420262122112
    ],
    "Denver": [
      8188,
      733176055.1606708,
      1607928406.572867,
      535585108.29487,
      3831.0066807133767,
      12890.1881785963,
      8954275.221796175,
      46.78806400480431,
      null,
      19637620.988921188,
      6541098.049522106,
      157.42779895696506
    ],
    "Detroit": [
      645,
      52923156.869824566,
      110471797.6500718,
      37109717.597120985,
      363.6361791676675,
      1014.6903943494593,
      8205140.5999728,
      56.3777021965376,
      null,
      17127410.488383222,
      5753444.588700928,
      157.3163402092185
    ],
    "Houston": [
      16649,
      1199520101.7902393,
      2713674326.280059,
      931787215.070658,
      6443.314095004797,
      21268.091164791836,
      7204757.653854521,
      38.700907532012714,
      null,
      16299323.240315087,
      5596655.745514193,
      127.74395558166758
    ],
    "Indianapolis": [
      2880,
      183134106.81915906,
      388335873.51002675,
      129897021.96682952,
      1113.3106930876263,
      3449.8436774379547,
      6358823.153443023,
      38.6566212877648,
      null,
      13483884.49687593,
      4510313.262737136,
      119.78623879992898
    ],
    "Las Vegas": [
      1283,
      70449825.25437793,
      127274654.30455917,
      46158725.50666842,
      350.73940446200123,
      1067.1246380756388,
      5491023.012811998,
      27.337443839594798,
      null,
      9920082.174946155,
      3597718.2779944204,
      83.17417288196717
    ],
    "Los Angeles": [
      16693,
      2287716427.8122797,
      5005981087.338831,
      1562052776.9102244,
      10058.26213056941,
      33273.23404103014,
      13704645.227414364,
      60.25437087743013,
      null,
      29988504.686628114,
      9357531.761278525,
      199.32447158108275
    ],
    "Louisville": [
      1387,
      48271160.55648106,
      101577003.1590031,
      34533188.26210655,
      313.58246056647687,
      935.1185765322624,
      3480256.7091911365,
      22.60868497234873,
      null,
      7323504.193150908,
      2489775.649755339,
      67.42022902179252
    ],
    "Miami": [
      13364,
      1147489830.872047,
      2294520665.811745,
      822520710.7690833,
      7056.762936046596,
      22269.90889264925,
      8586424.954145817,
      52.80427219430258,
      null,
      17169415.338309977,
      6154749.407131721,
      166.64104229758493
    ],
    "Minneapolis": [
      4766,
      605001542.0961816,
      1361192969.5621989,
      452178152.56268615,
      3490.6795558488548,
      11543.066422269889,
      12694115.444737341,
      73.24128316930036,
      null,
      28560490.33911454,
      9487581.883396689,
      242.19610621632162
    ],
    "Nashville": [
      3612,
      259925756.10753947,
      570173138.5974985,
      193696673.4513384,
      1627.6232667883762,
      4991.432272259913,
      7196172.649710395,
      45.06155223666601,
      null,
      15785524.324404722,
      5362587.858564187,
      138.19026224418363
    ],
    "New Orleans": [
      26,
      3261237.846570982,
      6515300.969879508,
      2191551.8328957004,
      18.780423071429627,
      53.811076715990524,
      12543222.48681147,
      72.23239642857548,
      null,
      25058849.884151954,
      8429045.511137309,
      206.96567967688662
    ],
    "New York": [
      27346,
      2155812192.694264,
      4207498656.481395,
      1447843468.6134677,
      9587.814655165925,
      31690.00807016714,
      7883464.465348731,
      35.061122852212115,
      null,
      15386157.597021118,
      5294534.7349282075,
      115.88535094773327
    ],
    "Orlando": [
      5760,
      533795400.08703303,
      1037591498.6891748,
      345632521.55635387,
      2966.703686277438,
      9362.397660746497,
      9267281.251510989,
      51.50527233120552,
      null,
      18013741.296687063,
      6000564.610353366,
      162.5416260546267
    ],