{
  "sheet": "Construction Impacts",
  "data": {
    "": [
      null,
      null,
      null,
      null,
      null,
      null,
      "DIRECT",
      null,
      null,
      "TOTAL"
    ],
    "State": [
      "Building Permits",
      "Spending",
      "Economic Contribution",
      "Earnings",
      "Direct Jobs",
      "Total Employment ",
      "Spending per 100",
      "Employment per 100",
      null,
      "Ec. Cont. per 100",
      "Earnings per 100",
      "Employment per 100"
    ],
    "Alabama": [
      2189,
      175398931.232368,
      377055082.4702209,
      127322084.18157573,
      1160.2115111760763,
      3421.173693580455,
      8012742.404,
      53.00189635,
      null,
      17224992.35,
      5816449.711,
      156.2893419
    ],
    "Alaska": [
      87,
      9152729.275732871,
      16688171.288443742,
      5769880.535422002,
      44.65640485831369,
      126.82753902797525,
      10520378.48,
      51.32920099,
      null,
      19181806.08,
      6632046.592,
      145.7787805
    ],
    "Arizona": [
      6396,
      728760894.0368212,
      1520268101.0502129,
      538554300.6932108,
      4180.194330660407,
      13165.940063848018,
      11394010.23,
      65.35638416,
      null,
      23769044.73,
      8420173.557,
      205.8464675
    ],
    "Arkansas": [
      1402,
      74254746.80237831,
      145554154.68202198,
      47708674.82052806,
      473.1660860300234,
      1339.1546566821721,
      5296344.28,
      33.7493642,
      null,
      10381894.06,
      3402901.2,
      95.51745055
    ],
    "California": [
      41267,
      5987101968.032975,
      13707469955.811497,
      4704664726.480312,
      30327.6156551841,
      100325.26896813177,
      14508207.45,
      73.49120521,
      null,
      33216540.95,
      11400549.41,
      243.1125814
    ],
    "Colorado": [
      11189,
      1031707675.8797255,
      2340222521.1979814,
      807414427.1434731,
      5781.267038400658,
      19452.229204106694,
      9220731.753,
      51.66920224,
      null,
      20915385.84,
      7216144.67,
      173.8513648
    ],
    "Connecticut": [
      2268,
      195447807.9488305,
      382256822.78632265,
      128350575.47999696,
      874.8171872582878,
      2730.523145729931,
      8617628.216,
      38.57218639,
      null,
      16854357.27,
      5659196.45,
      120.3934368
    ],
    "Delaware": [
      860,
      75349893.46328618,
      141951664.2954848,
      40485497.75782366,
      323.97660987082577,
      981.0254729346007,
      8761615.519,
      37.67169882,
      null,
      16506007.48,
      4707616.018,
      114.0727294
    ],
    "District of Columbia": [
      2810,
      175661697.2820252,
      211198058.64217886,
      15914949.773751482,
      121.09580695832484,
      312.74808584091767,
      6251305.953,
      4.309459322,
      null,
      7515945.147,
      566368.3194,
      11.12982512
    ],
    "Florida": [
      29478,
      2474862038.698742,
      5174689036.715199,
      1840307411.9763846,
      15738.125157011462,
      49666.7688236257,
      8395623.986,
      53.38939262,
      null,
      17554410.19,
      6242985.996,
      168.48758
    ],
    "Georgia": [
      10912,
      878369856.112513,
      1988014495.3394506,
      669581341.3145686,
      5517.636012780538,
      17592.43066314947,
      8049577.127,
      50.56484616,
      null,
      18218607.91,
      6136192.644,
      161.2209555
    ],
    "Hawaii": [
      1500,
      245949022.47937807,
      474632423.5807038,
      168302916.0826384,
      1288.2950166111616,
      3857.7350124912928,
      16396601.5,
      85.88633444,
      null,
      31642161.57,
      11220194.41,
      257.1823342
    ],
    "Idaho": [
      1492,
      121174045.1823322,
      219179612.92580247,
      77393862.65795559,
      793.2084693059759,
      2207.657811772392,
      8121584.798,
      53.16410652,
      null,
      14690322.58,
      5187256.21,
      147.9663413
    ],
    "Illinois": [
      4880,
      460443047.2183468,
      1090789578.8602636,
      357303804.6414371,
      2322.8062834704056,
      7856.079271639433,
      9435308.345,
      47.59848942,
      null,
      22352245.47,
      7321799.275,
      160.985231
    ],
    "Indiana": [
      5311,
      330514743.6447951,
      720456038.1969244,
      234665467.98780453,
      1956.8977236451535,
      6063.887898702328,
      6223211.14,
      36.84612547,
      null,
      13565355.64,
      4418479.909,
      114.1760101
    ],
    "Iowa": [
      2861,
      293468188.0911158,
      528770981.3025724,
      177724334.7079797,
      1800.0175181588081,
      4796.32667888596,
      10257538.91,
      62.91567697,
      null,
      18482033.6,
      6211965.561,
      167.6451129
    ],
    "Kansas": [
      2875,
      240719632.34639257,
      465359193.2520461,
      142867101.797584,
      1332.6436021989525,
      3657.3737340549155,
      8372856.777,
      46.35282095,
      null,
      16186406.72,
      4969290.497,
      127.2129994
    ],
    "Kentucky": [
      2388,
      109148176.60047635,
      231536027.02259052,
      72572622.62165673,
      676.4767575150195,
      2017.2875147476639,
      4570694.162,
      28.32817243,
      null,
      9695813.527,
      3039054.549,
      84.47602658
    ],
    "Louisiana": [
      1158,
      59024688.26631133,
      123538672.54138961,
      42031480.5144403,
      357.3462808585131,
      1023.8953648868761,
      5097123.339,
      30.8589189,
      null,
      10668279.15,
      3629661.53,
      88.41928885
    ],
    "Maine": [
      493,
      42485985.65398979,
      84313438.53034274,
      29752935.75348905,
      282.4626968606986,
      834.8326237066377,
      8617846.989,
      57.29466468,
      null,
      17102117.35,
      6035078.246,
      169.3372462
    ],
    "Maryland": [
      7029,
      550358304.8355072,
      1085086433.813686,
      352779673.3995601,
      2435.1368881948492,
      7700.9986520718,
      7829823.657,
      34.64414409,
      null,
      15437280.32,
      5018916.964,
      109.5603735
    ],
    "Massachusetts": [
      6755,
      1441612341.0012898,
      2945214012.6656356,
      977557328.4329747,
      6453.726400289905,
      20703.715635290024,
      21341411.41,
      95.53999112,
      null,
      43600503.52,
      14471611.08,
      306.49468
    ],
    "Michigan": [
      2324,
      204086241.8313193,
      442499789.53866655,
      153962660.83754727,
      1256.0343104319659,
      4176.502487332851,
      8781679.941,
      54.04622678,
      null,
      19040438.45,
      6624899.348,
      179.711811
    ],
    "Minnesota": [
      5856,
      682705957.6623194,
      1472733291.8691554,
      490933854.15497386,
      3692.3195814147257,
      12209.85469981175,
      11658230.15,
      63.05190542,
      null,
      25149134.08,
      8383433.302,
      208.5016171
    ],
    "Mississippi": [
      1372,
      72162126.38717864,
      146034495.1697334,
      47713597.96720252,
      481.99459274807754,
      1344.9577116042356,
      5259630.203,
      35.13080122,
      null,
      10643913.64,
      3477667.49,
      98.02898773
    ],
    "Missouri": [
      3572,
      188887300.3274486,
      416005390.2411728,
      130672234.36652894,
      1014.4345265610291,
      3292.7023080381164,
      5287998.329,
      28.3996228,
      null,
      11646287.52,
      3658237.244,
      92.18091568
    ],
    "Montana": [
      1896,
      159529244.81226614,
      299851168.54913545,
      105145725.25576462,
      1088.120572692619,
      3023.6694473982493,
      8413989.705,
      57.39032556,
      null,
      15814935.05,
      5545660.615,
      159.4762367
    ],