{
  "sheet": "Construction Impacts (metro)",
  "data": {
    "Metro": [
      "Building Permits",
      "Spending",
      "Economic Contribution",
      "Earnings",
      "Direct Jobs",
      "Total Employment ",
      "Spending per 100",
      "Employment per 100",
      null,
      "Ec. Cont. per 100",
      "Earnings per 100",
      "Employment per 100"
    ],
    "Albuquerque": [
      1061,
      64034530.44991201,
      121659204.40178783,
      43364184.02068041,
      427.00538301646566,
      1192.7007607070163,
      6035299.76,
      40.24555919,
      null,
      11466466.01,
      4087104.997,
      112.4128898
    ],
    "Atlanta": [
      9266,
      765394284.5518944,
      1706446557.4084485,
      591037466.5309728,
      4898.292967452168,
      15617.717297424495,
      8260244.815,
      52.86307973,
      null,
      18416215.81,
      6378561.046,
      168.5486434
    ],
    "Austin": [
      11509,
      801906664.3862044,
      1625544999.3772748,
      557485513.0812893,
      3912.769075558922,
      12915.268164604891,
      6967648.487,
      33.9974722,
      null,
      14124120.25,
      4843909.228,
      112.2188562
    ],
    "Baltimore": [
      3291,
      272293912.0435543,
      541347526.5337903,
      179659523.16633713,
      1240.3366758532839,
      3922.5027205522174,
      8273895.838,
      37.68874737,
      null,
      16449332.32,
      5459116.474,
      119.1887791
    ],
    "Birmingham": [
      714,
      58020299.615975924,
      120409527.79303484,
      40498169.13195119,
      374.53320869187905,
      1104.4047991301784,
      8126092.383,
      52.45563147,
      null,
      16864079.52,
      5672012.483,
      154.6785433
    ],
    "Boston": [
      6506,
      1419648038.0807452,
      2742476079.9643836,
      862152253.5264364,
      5806.92591875043,
      18628.76352049935,
      21820596.96,
      89.25493266,
      null,
      42153029.2,
      13251648.53,
      286.3320553
    ],
    "Charleston": [
      1602,
      100138931.41764855,
      190394150.3043752,
      67633834.27947983,
      632.3146157179316,
      1934.3136409427245,
      6250869.627,
      39.47032558,
      null,
      11884778.42,
      4221837.346,
      120.743673
    ],
    "Charlotte": [
      5057,
      323745060.41809386,
      683393448.0365543,
      217491931.58887544,
      1920.9250125517185,
      6028.294897515117,
      6401919.328,
      37.98546594,
      null,
      13513811.51,
      4300809.405,
      119.2069388
    ],
    "Chicago": [
      3844,
      386506385.6339749,
      926649059.5574548,
      312567714.0621955,
      2201.9030462152373,
      7447.166387756865,
      10054796.71,
      57.28155687,
      null,
      24106375.12,
      8131314.102,
      193.7348176
    ],
    "Cincinnati": [
      902,
      60805273.997542776,
      132677107.86263834,
      44935097.48418411,
      358.03833091056134,
      1179.4946244769349,
      6741161.197,
      39.69382826,
      null,
      14709213.73,
      4981718.125,
      130.7643708
    ],
    "Columbus": [
      4452,
      220202271.42297474,
      455114054.57700425,
      149098957.9804962,
      1181.0072814338862,
      3890.6218124096868,
      4946142.664,
      26.52756697,
      null,
      10222687.66,
      3349033.198,
      87.39042705
    ],
    "Dallas Fort Worth": [
      16244,
      1033912663.3556336,
      2428247281.157041,
      829094564.7448826,
      5822.023350033676,
      19217.33467379116,
      6364889.58,
      35.84106963,
      null,
      14948579.67,
      5104004.954,
      118.3042026
    ],
    "Denver": [
      8188,
      733176055.1606708,
      1607928406.572867,
      535585108.29487,
      3831.0066807133767,
      12890.1881785963,
      8954275.222,
      46.788064,
      null,
      19637620.99,
      6541098.05,
      157.427799
    ],
    "Detroit": [
      645,
      52923156.869824566,
      110471797.6500718,
      37109717.597120985,
      363.6361791676675,
      1014.6903943494593,
      8205140.6,
      56.3777022,
      null,
      17127410.49,
      5753444.589,
      157.3163402
    ],
    "Houston": [
      16649,
      1199520101.7902393,
      2713674326.280059,
      931787215.070658,
      6443.314095004797,
      21268.091164791836,
      7204757.654,
      38.70090753,
      null,
      16299323.24,
      5596655.746,
      127.7439556
    ],
    "Indianapolis": [
      2880,
      183134106.81915906,
      388335873.51002675,
      129897021.96682952,
      1113.3106930876263,
      3449.8436774379547,
      6358823.153,
      38.65662129,
      null,
      13483884.5,
      4510313.263,
      119.7862388
    ],
    "Las Vegas": [
      1283,
      70449825.25437793,
      127274654.30455917,
      46158725.50666842,
      350.73940446200123,
      1067.1246380756388,
      5491023.013,
      27.33744384,
      null,
      9920082.175,
      3597718.278,
      83.17417288
    ],
    "Los Angeles": [
      16693,
      2287716427.8122797,
      5005981087.338831,
      1562052776.9102244,
      10058.26213056941,
      33273.23404103014,
      13704645.23,
      60.25437088,
      null,
      29988504.69,
      9357531.761,
      199.3244716
    ],
    "Louisville": [
      1387,
      48271160.55648106,
      101577003.1590031,
      34533188.26210655,
      313.58246056647687,
      935.1185765322624,
      3480256.709,
      22.60868497,
      null,
      7323504.193,
      2489775.65,
      67.42022902
    ],
    "Miami": [
      13364,
      1147489830.872047,
      2294520665.811745,
      822520710.7690833,
      7056.762936046596,
      22269.90889264925,
      8586424.954,
      52.80427219,
      null,
      17169415.34,
      6154749.407,
      166.6410423
    ],
    "Minneapolis": [
      4766,
      605001542.0961816,
      1361192969.5621989,
      452178152.56268615,
      3490.6795558488548,
      11543.066422269889,
      12694115.44,
      73.24128317,
      null,
      28560490.34,
      9487581.883,
      242.1961062
    ],
    "Nashville": [
      3612,
      259925756.10753947,
      570173138.5974985,
      193696673.4513384,
      1627.6232667883762,
      4991.432272259913,
      7196172.65,
      45.06155224,
      null,
      15785524.32,
      5362587.859,
      138.1902622
    ],
    "New Orleans": [
      26,
      3261237.846570982,
      6515300.969879508,
      2191551.8328957004,
      18.780423071429627,
      53.811076715990524,
      12543222.49,
      72.23239643,
      null,
      25058849.88,
      8429045.511,
      206.9656797
    ],
    "New York City": [
      27346,
      2155812192.694264,
      4207498656.481395,
      1447843468.6134677,
      9587.814655165925,
      31690.00807016714,
      7883464.465,
      35.06112285,
      null,
      15386157.6,
      5294534.735,
      115.8853509
    ],
    "Orlando": [
      5760,
      533795400.08703303,
      1037591498.6891748,
      345632521.55635387,
      2966.703686277438,
      9362.397660746497,
      9267281.252,
      51.50527233,
      null,
      18013741.3,
      6000564.61,
      162.5416261
    ],
    "Philadelphia": [
      4230,
      366836099.4759002,
      852270309.9123589,
      282463796.5964431,
      1820.564368460188,
      6265.927415147851,
      8672248.215,
      43.03934677,
      null,
      20148234.28,
      6677631.125,
      148.1306718
    ],
    "Phoenix": [
      5449,
      634471964.6720728,
      1353519042.234933,
      480739407.63202953,
      3746.337778954769,
      11799.46546859594,
      11643823.91,
      68.75275792,
      null,
      24839769.54,
      8822525.374,
      216.5436863
    ],
    "Pittsburgh": [
      1209,
      82124762.8620202,
      176995288.92022592,
      60739474.612750135,
      412.4313107252381,
      1419.4854636885882,
      6792784.356,
      34.1134252,
      null,
      14639808.84,
      5023943.31,
      117.4098812
    ],