{
  "sheet": "Metro Building Needed",
  "data": {
    "2017": [
      635.4771923645224,
      12149.655197774966,
      8148.302114640244,
      1640.3403951011674,
      377.3446151928168,
      4722.093880406198,
      956.2711496148274,
      5108.75460880795,
      3416.153414880341,
      1093.7128985231518,
      367.9252341109553,
      2360.5358881467173,
      19021.112209068004,
      3985.7517031461216,
      1104.8055063575864,
      1080.7715319127662,
      15298.316368837866,
      2207.207168986291,
      1000.5085738105305,
      6234.291827425941,
      416.2317597405755,
      11728.651212017401,
      663.9175836124424,
      837.0763605094284,
      13243.847872795042,
      375.0523595901187,
      5055.926496597102,
      2138.68995370751,
      497.54789613123387,
      19902.40678534151,
      922.5298426715152,
      9298.369420672998,
      2743.358055261887,
      10735.851508208143,
      681.8074504237884,
      3342.0189019047475,
      5308.791602798493,
      1056.1824072352113,
      2892.8067996993486,
      2279.5565603151563,
      1177.0281501494069,
      3849.3125355192105,
      5198.192616586465,
      5119.140399531083,
      2567.269161759173,
      7016.250965801878,
      332.89349368144656,
      880.3915029076244,
      5209.505270620754,
      9140.16545686934
    ],
    "2018": [
      1270.9543847290447,
      24299.310395549932,
      16296.604229280489,
      3280.6807902023347,
      754.6892303856336,
      9444.187760812396,
      1912.5422992296549,
      10217.5092176159,
      6832.306829760682,
      2187.4257970463036,
      735.8504682219105,
      4721.071776293435,
      38042.22441813601,
      7971.503406292243,
      2209.611012715173,
      2161.5430638255325,
      30596.632737675733,
      4414.414337972582,
      2001.017147621061,
      12468.583654851882,
      832.463519481151,
      23457.302424034802,
      1327.8351672248848,
      1674.1527210188567,
      26487.695745590085,
      750.1047191802375,
      10111.852993194205,
      4277.37990741502,
      995.0957922624677,
      39804.81357068302,
      1845.0596853430304,
      18596.738841345996,
      5486.716110523774,
      21471.703016416286,
      1363.6149008475768,
      6684.037803809495,
      10617.583205596986,
      2112.3648144704225,
      5785.613599398697,
      4559.113120630313,
      2354.0563002988138,
      7698.625071038421,
      10396.38523317293,
      10238.280799062166,
      5134.538323518346,
      14032.501931603756,
      665.7869873628931,
      1760.7830058152488,
      10419.010541241509,
      18280.33091373868
    ],
    "2019": [
      1906.431577093567,
      36448.9655933249,
      24444.90634392073,
      4921.021185303502,
      1132.0338455784504,
      14166.281641218593,
      2868.813448844482,
      15326.263826423849,
      10248.460244641024,
      3281.138695569455,
      1103.7757023328659,
      7081.607664440152,
      57063.336627204015,
      11957.255109438365,
      3314.416519072759,
      3242.3145957382985,
      45894.949106513595,
      6621.6215069588725,
      3001.5257214315916,
      18702.87548227782,
      1248.6952792217267,
      35185.9536360522,
      1991.7527508373273,
      2511.229081528285,
      39731.54361838513,
      1125.1570787703563,
      15167.779489791308,
      6416.069861122531,
      1492.6436883937017,
      59707.22035602453,
      2767.5895280145455,
      27895.10826201899,
      8230.07416578566,
      32207.55452462443,
      2045.4223512713652,
      10026.056705714243,
      15926.374808395478,
      3168.547221705634,
      8678.420399098046,
      6838.669680945469,
      3531.0844504482207,
      11547.937606557633,
      15594.577849759396,
      15357.421198593249,
      7701.807485277519,
      21048.752897405633,
      998.6804810443397,
      2641.1745087228733,
      15628.515811862264,
      27420.496370608016
    ],
    "2020": [
      2541.9087694580894,
      48598.620791099864,
      32593.208458560977,
      6561.361580404669,
      1509.378460771267,
      18888.375521624792,
      3825.0845984593097,
      20435.0184352318,
      13664.613659521365,
      4374.851594092607,
      1471.700936443821,
      9442.14355258687,
      76084.44883627201,
      15943.006812584486,
      4419.222025430346,
      4323.086127651065,
      61193.265475351465,
      8828.828675945164,
      4002.034295242122,
      24937.167309703764,
      1664.927038962302,
      46914.604848069604,
      2655.6703344497696,
      3348.3054420377134,
      52975.39149118017,
      1500.209438360475,
      20223.70598638841,
      8554.75981483004,
      1990.1915845249355,
      79609.62714136604,
      3690.119370686061,
      37193.47768269199,
      10973.432221047548,
      42943.40603283257,
      2727.2298016951536,
      13368.07560761899,
      21235.16641119397,
      4224.729628940845,
      11571.227198797395,
      9118.226241260625,
      4708.1126005976275,
      15397.250142076842,
      20792.77046634586,
      20476.56159812433,
      10269.076647036693,
      28065.003863207512,
      1331.5739747257862,
      3521.5660116304975,
      20838.021082483017,
      36560.66182747736
    ],
    "2021": [
      3177.3859618226115,
      60748.275988874826,
      40741.51057320122,
      8201.701975505837,
      1886.7230759640838,
      23610.46940203099,
      4781.355748074137,
      25543.77304403975,
      17080.767074401705,
      5468.564492615759,
      1839.6261705547763,
      11802.679440733587,
      95105.56104534001,
      19928.75851573061,
      5524.027531787932,
      5403.8576595638315,
      76491.58184418934,
      11036.035844931455,
      5002.542869052652,
      31171.459137129707,
      2081.1587987028774,
      58643.256060087006,
      3319.587918062212,
      4185.381802547142,
      66219.23936397521,
      1875.2617979505935,
      25279.63248298551,
      10693.44976853755,
      2487.7394806561692,
      99512.03392670755,
      4612.649213357576,
      46491.84710336499,
      13716.790276309435,
      53679.257541040715,
      3409.037252118942,
      16710.094509523737,
      26543.958013992466,
      5280.912036176056,
      14464.033998496743,
      11397.78280157578,
      5885.140750747034,
      19246.56267759605,
      25990.963082932325,
      25595.701997655415,
      12836.345808795866,
      35081.25482900939,
      1664.467468407233,
      4401.957514538122,
      26047.52635310377,
      45700.8272843467
    ],
    "2022": [
      3812.8631541871337,
      72897.93118664979,
      48889.81268784147,
      9842.042370607005,
      2264.0676911569008,
      28332.56328243719,
      5737.626897688965,
      30652.5276528477,
      20496.920489282045,
      6562.277391138911,
      2207.5514046657318,
      14163.215328880306,
      114126.67325440802,
      23914.51021887673,
      6628.833038145519,
      6484.629191476598,
      91789.8982130272,
      13243.243013917747,
      6003.051442863183,
      37405.75096455565,
      2497.390558443453,
      70371.9072721044,
      3983.505501674654,
      5022.45816305657,
      79463.08723677025,
      2250.314157540712,
      30335.558979582613,
      12832.13972224506,
      2985.287376787403,
      119414.44071204905,
      5535.179056029091,
      55790.21652403799,
      16460.148331571323,
      64415.10904924886,
      4090.8447025427304,
      20052.113411428483,
      31852.74961679096,
      6337.094443411267,
      17356.84079819609,
      13677.339361890936,
      7062.16890089644,
      23095.87521311526,
      31189.15569951879,
      30714.842397186498,
      15403.61497055504,
      42097.505794811266,
      1997.3609620886796,
      5282.3490174457465,
      31257.031623724524,
      54840.99274121604
    ],