{
  "sheet": "Metro Jobs",
  "data": {
    "Albuquerque, NM": 14340.63955906805,
    "Atlanta-Sandy Springs-Roswell, GA": 157894.0637820716,
    "Austin-Round Rock, TX": 72412.16848229962,
    "Baltimore-Columbia-Towson, MD": 72819.81797343699,
    "Birmingham-Hoover, AL": 22583.273537461173,
    "Boston-Cambridge-Newton, MA-NH": 147088.28110385902,
    "Charleston-North Charleston, SC": 16433.45436126179,
    "Charlotte-Concord-Gastonia, NC-SC": 52583.02765152126,
    "Chicago-Naperville-Elgin, IL-IN-WI": 308468.85184814956,
    "Cincinnati, OH-KY-IN": 46869.77938608422,
    "Columbus, OH": 48682.223417826455,
    "Dallas-Fort Worth-Arlington, TX": 239649.4293009559,
    "Denver-Aurora-Lakewood, CO": 97443.3261376456,
    "Detroit-Warren-Dearborn, MI": 77038.01934322747,
    "Houston-The Woodlands-Sugar Land, TX": 218695.39513391512,
    "Indianapolis-Carmel-Anderson, IN": 43926.99956742757,
    "Las Vegas-Henderson-Paradise, NV": 46843.52532733576,
    "Los Angeles-Long Beach-Anaheim, CA": 534949.4914198676,
    "Louisville/Jefferson County, KY-IN": 24951.449022183442,
    "Miami-Fort Lauderdale-West Palm Beach, FL": 195647.0994498527,
    "Minneapolis-St. Paul-Bloomington, MN-WI": 111714.14571755509,
    "Nashville-Davidson--Murfreesboro--Franklin, TN": 40346.36308786576,
    "New Orleans-Metairie, LA": 21540.46358828872,
    "New York-Newark-Jersey City, NY-NJ-PA": 1062272.352904773,
    "Orlando-Kissimmee-Sanford, FL": 57869.136636148636,
    "Philadelphia-Camden-Wilmington, PA-NJ-DE-MD": 131307.29265778133,
    "Phoenix-Mesa-Scottsdale, AZ": 99891.97905936331,
    "Pittsburgh, PA": 38393.32349209272,
    "Portland-Vancouver-Hillsboro, OR-WA": 70508.9377129511,
    "Richmond, VA": 26980.004117773482,
    "Riverside-San Bernardino-Ontario, CA": 45453.83939982594,
    "St. Louis, MO-IL": 43827.73452316316,
    "Salt Lake City, UT": 24767.60952822708,
    "San Antonio-New Braunfels, TX": 45970.920158565736,
    "San Diego-Carlsbad, CA": 111379.2538254584,
    "San Francisco-Oakland-Hayward, CA": 209400.84169767093,
    "Seattle-Tacoma-Bellevue, WA": 146784.87424874218,
    "Tampa-St. Petersburg-Clearwater, FL": 73983.59435088708,
    "Washington-Arlington-Alexandria, DC-VA-MD-WV": 249744.7484400861,
    "Sioux Falls, SD ": 6461.6376697089
  },
  "labels": [
    "total jobs"
  ]
}