{
  "sheet": "Operation Impacts (metro)",
  "data": {
    "Metro": [
      "Total Annual Operation Cost",
      "Economic Contribution",
      " Earnings ",
      "Direct On-Site Jobs",
      "Total Jobs",
      "Total Number of Apartments",
      null,
      "Operation Cost per 100",
      "Employment per 100",
      null,
      "Ec. Cont. per 100",
      "Earnings per 100",
      "Employment per 100"
    ],
    "Albuquerque": [
      134964748.71127397,
      229575172.52262574,
      78285222.77198477,
      850.9461398054409,
      2087.8814486266297,
      49719.155505068156,
      null,
      271454.2259,
      1.711505618,
      null,
      461743.9097,
      157454.8521,
      4.199350185
    ],
    "Atlanta": [
      1276244277.0552704,
      2507615805.3292775,
      837010770.4196516,
      8887.39849417118,
      21926.989564819138,
      384733.07444574364,
      null,
      331722.0072,
      2.310016758,
      null,
      651780.6687,
      217556.2295,
      5.699273346
    ],
    "Austin": [
      542602975.0341127,
      1028716639.543374,
      336072547.24985343,
      3253.9796420473976,
      8047.742450711625,
      166595.15046340684,
      null,
      325701.5426,
      1.953225909,
      null,
      617494.9491,
      201730.0902,
      4.830718318
    ],
    "Baltimore": [
      724096638.1187392,
      1332101034.5378156,
      432450062.89374024,
      3994.448373527871,
      9684.939526455675,
      186335.56803858865,
      null,
      388598.1865,
      2.143685403,
      null,
      714893.5915,
      232081.3291,
      5.197579629
    ],
    "Birmingham": [
      185980853.15924922,
      341896227.5776274,
      111605622.13404018,
      1353.918901477073,
      3212.8495532050947,
      64084.46174430425,
      null,
      290212.0859,
      2.112710109,
      null,
      533508.7762,
      174153.951,
      5.013461088
    ],
    "Boston": [
      1556139234.6355727,
      2761829689.074276,
      823778095.056737,
      7578.019844389043,
      18114.49863602757,
      342904.39812308806,
      null,
      453811.3956,
      2.209951195,
      null,
      805422.6496,
      240235.4999,
      5.282667337
    ],
    "Charleston": [
      132628058.27376536,
      229102105.7462771,
      77894580.67311476,
      888.2052631304098,
      2174.504125195869,
      41447.14051471048,
      null,
      319993.2652,
      2.142983212,
      null,
      552757.3263,
      187937.1646,
      5.2464515
    ],
    "Charlotte": [
      382367133.67579275,
      715799303.9508913,
      224966467.83242002,
      2496.031925706406,
      6114.0302020178415,
      126424.32891603257,
      null,
      302447.43,
      1.974328792,
      null,
      566187.9403,
      177945.5503,
      4.836118376
    ],
    "Chicago": [
      2484880236.0040812,
      5194955228.276269,
      1700035783.222664,
      16807.81635387598,
      41940.54414782674,
      655832.3879645948,
      null,
      378889.5275,
      2.562821944,
      null,
      792116.2973,
      259218.028,
      6.395009597
    ],
    "Cincinnati": [
      445723234.0700512,
      845110863.6191161,
      279960100.48910135,
      2977.808358217334,
      7291.759326766786,
      135276.8336638599,
      null,
      329489.7005,
      2.201270001,
      null,
      624726.9697,
      206953.4693,
      5.390249852
    ],
    "Columbus": [
      393098420.4606337,
      730879638.0956266,
      234717887.561783,
      2383.3246787199196,
      5899.920242171161,
      135326.7534841836,
      null,
      290480.9362,
      1.761162976,
      null,
      540085.1046,
      173445.2956,
      4.359758947
    ],
    "Dallas Fort Worth": [
      1918015998.0004253,
      4069765261.5491786,
      1327752328.6637886,
      12527.521528587797,
      31911.355589771694,
      589125.8467675919,
      null,
      325569.8266,
      2.126459329,
      null,
      690814.2435,
      225376.6892,
      5.416729849
    ],
    "Denver": [
      786389508.5582014,
      1594676819.3717148,
      496947054.090727,
      4614.331532306313,
      11630.884060331293,
      236541.98852282146,
      null,
      332452.3961,
      1.950745219,
      null,
      674162.2616,
      210088.3049,
      4.917048399
    ],
    "Detroit": [
      807701348.0734308,
      1493301675.657253,
      491331191.6438526,
      5196.6240449884945,
      12814.874894941628,
      239289.67748926245,
      null,
      337541.2415,
      2.171687513,
      null,
      624056.0359,
      205329.0375,
      5.355381406
    ],
    "Houston": [
      1815351882.7512906,
      3655515995.036026,
      1208942663.0776358,
      11561.897301933906,
      28698.941482860337,
      533810.582402553,
      null,
      340074.1654,
      2.16591759,
      null,
      684796.4644,
      226474.0908,
      5.376240642
    ],
    "Indianapolis": [
      376162419.1809419,
      705642705.9791096,
      230567250.1872816,
      2581.785445477803,
      6336.217840291624,
      116382.55105634536,
      null,
      323212.0415,
      2.218361277,
      null,
      606313.1454,
      198111.528,
      5.444302245
    ],
    "Las Vegas": [
      479805053.80005056,
      779260024.3676305,
      257596777.67406353,
      2632.8745219072875,
      6298.099143854422,
      170941.9033246501,
      null,
      280683.1119,
      1.540215986,
      null,
      455862.4943,
      150692.5878,
      3.68435066
    ],
    "Los Angeles": [
      5510916540.769621,
      10979839897.498577,
      3307067950.616605,
      28923.661686762094,
      72288.9076537245,
      1284798.1749095165,
      null,
      428932.4696,
      2.251222196,
      null,
      854596.4737,
      257399.8014,
      5.626479634
    ],
    "Louisville": [
      230330590.81957316,
      426265223.52028704,
      142706384.81526458,
      1621.4181394376483,
      3932.263271764185,
      73059.23794736434,
      null,
      315265.526,
      2.219319808,
      null,
      583451.5052,
      195329.6925,
      5.382294399
    ],
    "Miami": [
      2014593752.37762,
      3705845207.4986324,
      1253032992.9163275,
      13120.366577231802,
      32677.58499725352,
      476571.92739138746,
      null,
      422726.0643,
      2.75307164,
      null,
      777604.5953,
      262926.312,
      6.856800227
    ],
    "Minneapolis": [
      993028089.3969233,
      1970245185.5544689,
      637835844.2128954,
      6633.923770806983,
      16451.467559224235,
      255454.2788813857,
      null,
      388730.2627,
      2.596912371,
      null,
      771271.1622,
      249686.89,
      6.440082989
    ],
    "Nashville": [
      360594881.94910115,
      702351566.0754174,
      231535449.5353442,
      2251.2341321401273,
      5708.904635694148,
      109494.52734074157,
      null,
      329326.8538,
      2.056024339,
      null,
      641449.0141,
      211458.4675,
      5.213872122
    ],
    "New Orleans": [
      266392417.11058223,
      485105919.4067125,
      157380644.14267534,
      1670.705298151984,
      4048.9542900713327,
      69038.25539865972,
      null,
      385862.0349,
      2.419970332,
      null,
      702662.4827,
      227961.5023,
      5.864798099
    ],
    "New York City": [
      8920732321.411821,
      16199318395.633512,
      5103247656.180775,
      46546.891544841164,
      113779.22169220974,
      2220258.021855844,
      null,
      401788.091,
      2.096463163,
      null,
      729614.2266,
      229849.3061,
      5.124594555
    ],
    "Orlando": [
      548371006.5859057,
      978395324.3854741,
      310787622.8695423,
      3245.428455255261,
      8057.4252258622355,
      155127.66948394285,
      null,
      353496.5802,
      2.0921016,
      null,
      630703.296,
      200343.1263,
      5.194060642
    ],