{
  "sheet": "Operation Impacts",
  "data": {
    "State": [
      "Total Annual Operation Cost",
      "Economic Contribution",
      " Earnings ",
      "Direct On-Site Jobs",
      "Total Jobs",
      "Total Number of Apartments",
      null,
      "Operation Cost per 100",
      "Employment per 100",
      null,
      "Ec. Cont. per 100",
      "Earnings per 100",
      "Employment per 100"
    ],
    "Alabama": [
      681976911.5019772,
      1329309395.899654,
      432904621.9063136,
      5460.767983171704,
      12943.112273713574,
      208874,
      null,
      326501.58061892685,
      2.614383783128443,
      null,
      636416.8809424122,
      207256.34684370176,
      6.196612442771036
    ],
    "Alaska": [
      112241302.1112976,
      199116631.1519525,
      65018917.00442826,
      724.0704358593256,
      1656.2387149846213,
      32153,
      null,
      349085.0064109029,
      2.251952961961016,
      null,
      619278.5467979738,
      202217.26434369502,
      5.151117205189629
    ],
    "Arizona": [
      1388866115.6563542,
      2789007046.4396067,
      931000012.1740396,
      9825.335931070209,
      24336.374567667805,
      397859,
      null,
      349085.0064109029,
      2.469552261245871,
      null,
      701003.8849038496,
      234002.50143242697,
      6.116833995879898
    ],
    "Arkansas": [
      368514308.2615829,
      657011262.198787,
      209258638.8604903,
      2741.64465747067,
      6312.362659360471,
      113110,
      null,
      325801.7047666722,
      2.423874686120299,
      null,
      580860.456368833,
      185004.5432415262,
      5.580729077323376
    ],
    "California": [
      9763572507.7068,
      21586096949.41132,
      7058828597.331832,
      65146.36228301756,
      161784.47609364582,
      2796904,
      null,
      349085.00641090295,
      2.3292312601010816,
      null,
      771785.4080587436,
      252380.08159492898,
      5.784412911335027
    ],
    "Colorado": [
      1196086285.4478831,
      2645521587.44791,
      868931568.5658927,
      9063.070406411794,
      22400.28481648739,
      374037,
      null,
      319777.5314869607,
      2.423041144702742,
      null,
      707288.740805832,
      232311.6612971157,
      5.988788493247296
    ],
    "Connecticut": [
      815919112.1667575,
      1569723934.162484,
      498469463.1960371,
      4819.405608405255,
      11389.701274344137,
      203072,
      null,
      401788.09100553376,
      2.3732496889798966,
      null,
      772988.8582189981,
      245464.3984380107,
      5.608700989966188
    ],
    "Delaware": [
      184207786.08330703,
      332631183.43428475,
      88625313.20925634,
      988.9882442582295,
      2296.035107869906,
      45847,
      null,
      401788.0910055337,
      2.1571493102236343,
      null,
      725524.4256642414,
      193306.67919221835,
      5.00803783861519
    ],
    "District of Columbia": [
      515940516,
      675796429.834344,
      53780091.566291995,
      749.2533404210744,
      1577.702758924656,
      116046,
      null,
      444600,
      0.6456520176663344,
      null,
      582352.1964,
      46343.7702,
      1.3595494536000001
    ],
    "Florida": [
      4086862729.8125873,
      8402978024.454012,
      2815488776.920649,
      31827.060495541198,
      78055.86586531479,
      1251713,
      null,
      326501.5806189268,
      2.542680350490983,
      null,
      671318.2674026723,
      224930.85690734608,
      6.235923559579136
    ],
    "Georgia": [
      1815613254.5215344,
      3928790996.5531125,
      1264113466.0076005,
      13973.81873164606,
      34474.808192844,
      556081,
      null,
      326501.5806189268,
      2.5129106607933127,
      null,
      706514.1582886509,
      227325.41949960537,
      6.199601891243182
    ],
    "Hawaii": [
      333505342.57478434,
      631575408.9956553,
      210364831.43055415,
      2229.5970164485902,
      5403.651329064804,
      95537,
      null,
      349085.00641090295,
      2.3337523854094124,
      null,
      661079.381805641,
      220192.00040879886,
      5.656082281278252
    ],
    "Idaho": [
      163188869.86842576,
      280003379.4531218,
      93371449.29487742,
      1239.8505042023592,
      2857.4834570351773,
      51032,
      null,
      319777.53148696065,
      2.4295549933421365,
      null,
      548681.9631860829,
      182966.4706358313,
      5.599395393155622
    ],
    "Illinois": [
      2695599707.0778255,
      6058538251.23808,
      1919382902.2268162,
      18413.80856392457,
      45811.71432618793,
      791747,
      null,
      340462.25714500033,
      2.325718766717723,
      null,
      765211.3934423598,
      242423.76696429745,
      5.786155719717022
    ],
    "Indiana": [
      1066320980.1329981,
      2107027864.0022216,
      655951616.2127343,
      7357.688885655103,
      17993.96393875812,
      313198,
      null,
      340462.25714500033,
      2.3492132407151716,
      null,
      672746.2704111206,
      209436.71933177556,
      5.745235901493023
    ],
    "Iowa": [
      459904045.7845468,
      767132825.6819061,
      243380761.12513638,
      3111.6600054120754,
      7086.494496325461,
      143820,
      null,
      319777.53148696065,
      2.1635794781060183,
      null,
      533397.8762911321,
      169225.94988536809,
      4.927335903438647
    ],
    "Kansas": [
      458346729.2062053,
      821533802.2282642,
      245972230.57523927,
      2882.8361742712273,
      6785.043219764761,
      143333,
      null,
      319777.53148696065,
      2.0112857292258077,
      null,
      573164.4507742559,
      171608.9320500089,
      4.733762092305862
    ],
    "Kentucky": [
      651859251.397532,
      1270219455.8657448,
      383497271.76743627,
      4716.929768040664,
      11294.68832957337,
      191463,
      null,
      340462.25714500033,
      2.4636247045333377,
      null,
      663428.1588953191,
      200298.37188774662,
      5.899149355005076
    ],
    "Louisiana": [
      623203274.9288335,
      1206647427.3237572,
      395380723.3229246,
      4785.054617900039,
      11298.470963785574,
      191283,
      null,
      325801.70476667216,
      2.5015577013639683,
      null,
      630817.9123726401,
      206699.35296023413,
      5.906678044460603
    ],
    "Maine": [
      203433346.23792183,
      381544326.7028783,
      127758786.07091601,
      1523.7638378383263,
      3649.5667680065753,
      50632,
      null,
      401788.0910055337,
      3.009487750510204,
      null,
      753563.6093831535,
      252328.14439665826,
      7.2080241112469885
    ],
    "Maryland": [
      1644904373.0530148,
      3213506566.953219,
      988044709.7617544,
      10258.355604468026,
      24262.036840127326,
      409396,
      null,
      401788.0910055337,
      2.505729319404202,
      null,
      784938.4378335936,
      241342.05262429395,
      5.926300413322877
    ],
    "Massachusetts": [
      1814828592.501075,
      3665367567.216794,
      1162671752.6144063,
      11097.14652370956,
      26412.318441081126,
      451688,
      null,
      401788.0910055337,
      2.456816768147385,
      null,
      811482.1662777833,
      257405.9422907862,
      5.8474695898675915
    ],
    "Michigan": [
      1735414430.98721,
      3515130521.568662,
      1153882261.406689,
      12572.294997414236,
      31003.27946362351,
      509723,
      null,
      340462.25714500033,
      2.466495527455939,
      null,
      689615.8347903984,
      226374.37616248216,
      6.082377970706347
    ],
    "Minnesota": [
      1213390461.351924,
      2473805870.0335417,
      792176523.3791397,
      8431.237467402745,
      20200.40184815024,
      356395,
      null,
      340462.25714500033,
      2.365700267232353,
      null,
      694119.1290656552,
      222274.8701241992,
      5.667981270261995
    ],