{
  "sheet": "Operation Impacts (metro)",
  "data": {
    "Metro": [
      "Total Annual Operation Cost",
      "Economic Contribution",
      " Earnings ",
      "Direct On-Site Jobs",
      "Total Jobs",
      "Total Number of Apartments",
      null,
      "Operation Cost per 100",
      "Employment per 100",
      null,
      "Ec. Cont. per 100",
      "Earnings per 100",
      "Employment per 100"
    ],
    "Albuquerque": [
      134964748.71127397,
      229575172.52262574,
      78285222.77198477,
      850.9461398054409,
      2087.8814486266297,
      49719.155505068156,
      null,
      271454.22592207196,
      1.7115056182293746,
      null,
      461743.90974767023,
      157454.85211229042,
      4.199350184887593
    ],
    "Atlanta": [
      1276244277.0552704,
      2507615805.3292775,
      837010770.4196516,
      8887.39849417118,
      21926.989564819138,
      384733.07444574364,
      null,
      331722.00723679934,
      2.3100167582354585,
      null,
      651780.6686991529,
      217556.2295041753,
      5.699273345918523
    ],
    "Austin": [
      542602975.0341127,
      1028716639.543374,
      336072547.24985343,
      3253.9796420473976,
      8047.742450711625,
      166595.15046340684,
      null,
      325701.54264682345,
      1.9532259090351762,
      null,
      617494.9490917713,
      201730.0901707057,
      4.830718318225798
    ],
    "Baltimore": [
      724096638.1187392,
      1332101034.5378156,
      432450062.89374024,
      3994.448373527871,
      9684.939526455675,
      186335.56803858865,
      null,
      388598.1864550865,
      2.1436854034762978,
      null,
      714893.5914703883,
      232081.3291020119,
      5.197579629268631
    ],
    "Birmingham": [
      185980853.15924922,
      341896227.5776274,
      111605622.13404018,
      1353.918901477073,
      3212.8495532050947,
      64084.46174430425,
      null,
      290212.08588957053,
      2.112710108854753,
      null,
      533508.7761863191,
      174153.95104564415,
      5.01346108831233
    ],
    "Boston": [
      1556139234.6355727,
      2761829689.074276,
      823778095.056737,
      7578.019844389043,
      18114.49863602757,
      342904.39812308806,
      null,
      453811.39558232937,
      2.209951195105073,
      null,
      805422.6496339359,
      240235.4999136044,
      5.282667336779167
    ],
    "Charleston": [
      132628058.27376536,
      229102105.7462771,
      77894580.67311476,
      888.2052631304098,
      2174.504125195869,
      41447.14051471048,
      null,
      319993.2652210176,
      2.1429832121112593,
      null,
      552757.3263225815,
      187937.16455654716,
      5.246451499890784
    ],
    "Charlotte": [
      382367133.67579275,
      715799303.9508913,
      224966467.83242002,
      2496.031925706406,
      6114.0302020178415,
      126424.32891603257,
      null,
      302447.4299798341,
      1.9743287918610977,
      null,
      566187.9403182791,
      177945.55032349535,
      4.836118375663758
    ],
    "Chicago": [
      2484880236.0040812,
      5194955228.276269,
      1700035783.222664,
      16807.81635387598,
      41940.54414782674,
      655832.3879645948,
      null,
      378889.52750809066,
      2.562821943887186,
      null,
      792116.2973361297,
      259218.02802371525,
      6.395009596581697
    ],
    "Cincinnati": [
      445723234.0700512,
      845110863.6191161,
      279960100.48910135,
      2977.808358217334,
      7291.759326766786,
      135276.8336638599,
      null,
      329489.7004889974,
      2.2012700013490005,
      null,
      624726.9696739605,
      206953.46934624072,
      5.390249852303298
    ],
    "Columbus": [
      393098420.4606337,
      730879638.0956266,
      234717887.561783,
      2383.3246787199196,
      5899.920242171161,
      135326.7534841836,
      null,
      290480.93620791496,
      1.7611629758032081,
      null,
      540085.1045917158,
      173445.2955669374,
      4.3597589466008415
    ],
    "Dallas": [
      1918015998.0004253,
      4069765261.5491786,
      1327752328.6637886,
      12527.521528587797,
      31911.355589771694,
      589125.8467675919,
      null,
      325569.8266379197,
      2.126459329076061,
      null,
      690814.2434895895,
      225376.68919957985,
      5.41672984895545
    ],
    "Denver": [
      786389508.5582014,
      1594676819.3717148,
      496947054.090727,
      4614.331532306313,
      11630.884060331293,
      236541.98852282146,
      null,
      332452.3960710388,
      1.950745219114079,
      null,
      674162.2615630717,
      210088.30491115188,
      4.917048399298947
    ],
    "Detroit": [
      807701348.0734308,
      1493301675.657253,
      491331191.6438526,
      5196.6240449884945,
      12814.874894941628,
      239289.67748926245,
      null,
      337541.2414560484,
      2.171687512605587,
      null,
      624056.0358999445,
      205329.0375076459,
      5.355381406085377
    ],
    "Houston": [
      1815351882.7512906,
      3655515995.036026,
      1208942663.0776358,
      11561.897301933906,
      28698.941482860337,
      533810.582402553,
      null,
      340074.16536795296,
      2.165917590074103,
      null,
      684796.4644281551,
      226474.09079761512,
      5.376240642081937
    ],
    "Indianapolis": [
      376162419.1809419,
      705642705.9791096,
      230567250.1872816,
      2581.785445477803,
      6336.217840291624,
      116382.55105634536,
      null,
      323212.0414673046,
      2.218361276707072,
      null,
      606313.1453764752,
      198111.52796921847,
      5.444302245294496
    ],
    "Las Vegas": [
      479805053.80005056,
      779260024.3676305,
      257596777.67406353,
      2632.8745219072875,
      6298.099143854422,
      170941.9033246501,
      null,
      280683.1119042898,
      1.5402159860750904,
      null,
      455862.49433977134,
      150692.5877529513,
      3.684350660290224
    ],
    "Los Angeles": [
      5510916540.769621,
      10979839897.498577,
      3307067950.616605,
      28923.661686762094,
      72288.9076537245,
      1284798.1749095165,
      null,
      428932.46958089224,
      2.251222195953001,
      null,
      854596.4737435781,
      257399.80140067596,
      5.626479634345334
    ],
    "Louisville": [
      230330590.81957316,
      426265223.52028704,
      142706384.81526458,
      1621.4181394376483,
      3932.263271764185,
      73059.23794736434,
      null,
      315265.52601809957,
      2.2193198081340544,
      null,
      583451.5052393383,
      195329.69248608596,
      5.3822943986867084
    ],
    "Miami": [
      2014593752.37762,
      3705845207.4986324,
      1253032992.9163275,
      13120.366577231802,
      32677.58499725352,
      476571.92739138746,
      null,
      422726.0643330179,
      2.7530716400038027,
      null,
      777604.5953405865,
      262926.31204172183,
      6.856800226593469
    ],
    "Minneapolis": [
      993028089.3969233,
      1970245185.5544689,
      637835844.2128954,
      6633.923770806983,
      16451.467559224235,
      255454.2788813857,
      null,
      388730.2627089731,
      2.59691237111252,
      null,
      771271.1621750939,
      249686.88996165132,
      6.4400829891219376
    ],
    "Nashville": [
      360594881.94910115,
      702351566.0754174,
      231535449.5353442,
      2251.2341321401273,
      5708.904635694148,
      109494.52734074157,
      null,
      329326.8537768538,
      2.0560243391292037,
      null,
      641449.0140586972,
      211458.46752214135,
      5.213872121597747
    ],
    "New Orleans": [
      266392417.11058223,
      485105919.4067125,
      157380644.14267534,
      1670.705298151984,
      4048.9542900713327,
      69038.25539865972,
      null,
      385862.03485633543,
      2.419970331672689,
      null,
      702662.482714084,
      227961.50226260014,
      5.8647980988087625
    ],