{
  "sheet": "Spending Impacts",
  "data": {
    "State": [
      "Total Number of Renter Households",
      "Direct Consumer Spending",
      "Direct Jobs Supported",
      "Total Consumer Spending",
      "Total Jobs Supported",
      "Consumer Spending per 100",
      "Jobs Supported per 100",
      "Consumer Spending per 100",
      "Jobs Supported per 100"
    ],
    "Alabama": [
      184352,
      2260670488.8768,
      19879.596690956907,
      4127306111.542374,
      50082.66794352774,
      1226279.3399999999,
      10.78349933331719,
      2238818.1910380004,
      27.166869870425998
    ],
    "Alaska": [
      31014,
      567748828.5742799,
      4155.616847509014,
      926452538.4675099,
      9977.220489184392,
      1830621.1019999997,
      13.399164401589651,
      2987207.5142435995,
      32.17005381177659
    ],
    "Arizona": [
      344932,
      4637134457.8944,
      35858.17758594428,
      8774849534.673573,
      94246.04814913736,
      1344361.92,
      10.395723674795113,
      2543936.061216,
      27.323080534464
    ],
    "Arkansas": [
      99100,
      1171335088.404,
      9840.622413113511,
      2013056482.9311144,
      24074.098671440894,
      1181972.844,
      9.929992344211415,
      2031338.5296984,
      24.292733270878802
    ],
    "California": [
      2613257,
      50919604441.27662,
      392477.64138105174,
      103830165416.20715,
      1021187.5751093585,
      1948511.166,
      15.018715778090398,
      3973209.1185906,
      39.077196583013404
    ],
    "Colorado": [
      341213,
      5188560047.223901,
      42711.22202046089,
      10658858905.01206,
      112450.10533546943,
      1520622.0300000003,
      12.51746622211372,
      3123813.8362290007,
      32.955985069581004
    ],
    "Connecticut": [
      184422,
      2948926369.7376,
      20843.398648392817,
      5479105194.972461,
      52467.0030777344,
      1599010.08,
      11.302013126629587,
      2970960.72864,
      28.449427442351997
    ],
    "Delaware": [
      40599,
      577485852.5521799,
      3987.2896970024362,
      978376531.3939033,
      9638.87411353369,
      1422413.9819999998,
      9.821152484057333,
      2409853.7683043997,
      23.741654014960197
    ],
    "District of Columbia": [
      107772,
      2361914529.24672,
      4984.236083313108,
      3049231657.257515,
      10836.227668731028,
      2191584.576,
      4.624796870535119,
      2829335.687615999,
      10.054770876230402
    ],
    "Florida": [
      1083484,
      16102581626.08704,
      130048.50006858206,
      31234177580.121033,
      342638.78313069313,
      1486185.456,
      12.002807615856076,
      2882753.9290032005,
      31.623797225496006
    ],
    "Georgia": [
      479581,
      7018059068.55402,
      59552.28647130846,
      14661427200.116205,
      157116.7973972531,
      1463373.042,
      12.417565848377743,
      3057132.6220422005,
      32.761263977774995
    ],
    "Hawaii": [
      81149,
      1494266239.1220598,
      12161.527969150444,
      2635138512.6917524,
      30159.373210696183,
      1841385.8939999999,
      14.986663999741763,
      3247284.0240689996,
      37.1654280529596
    ],
    "Idaho": [
      45141,
      401723675.97029996,
      3499.6116716295705,
      652760801.0841404,
      8421.815487776563,
      889930.83,
      7.752623272921669,
      1446048.605667,
      18.656687906286
    ],
    "Illinois": [
      723841,
      12388640689.72008,
      102409.07735801693,
      26410104222.34527,
      266202.1556844292,
      1711514.088,
      14.148007277567439,
      3648605.7327984003,
      36.7763301173088
    ],
    "Indiana": [
      274267,
      3369736109.7968397,
      29873.269510794606,
      6349593751.690186,
      75107.37420403979,
      1228633.4519999998,
      10.89203933057736,
      2315114.0136036,
      27.384765284937593
    ],
    "Iowa": [
      130227,
      1591499382.46002,
      13405.50750806209,
      2633613178.0948415,
      31800.544910624893,
      1222096.3260000001,
      10.29395402494267,
      2022325.0002648004,
      24.419317737969003
    ],
    "Kansas": [
      128191,
      1664520626.5338001,
      13326.173272355096,
      2782246227.251247,
      31693.637893642128,
      1298469.18,
      10.39556074323088,
      2170391.23437,
      24.723762115626002
    ],
    "Kentucky": [
      171829,
      2035706433.2026799,
      17352.43759218137,
      3821631687.0513906,
      43530.324943746185,
      1184728.092,
      10.098666460365463,
      2224090.0471115997,
      25.3335146824728
    ],
    "Louisiana": [
      164767,
      2203635853.81296,
      17976.90356633584,
      3880602738.5646224,
      44760.69218981961,
      1337425.4880000001,
      10.910500019018274,
      2355206.284368,
      27.1660539973536
    ],
    "Maine": [
      47622,
      516521985.23484,
      4555.9037786163435,
      925607397.5408332,
      11356.045758579097,
      1084628.922,
      9.566804793197143,
      1943655.028224,
      23.846217627523195
    ],
    "Maryland": [
      377086,
      7628211838.734,
      54450.76451688383,
      14184659914.125874,
      137509.96071093844,
      2022936.9000000001,
      14.439879634057968,
      3761651.1655500005,
      36.466472027849996
    ],
    "Massachusetts": [
      423309,
      7770818458.63134,
      56876.80171729109,
      14783205035.700262,
      142334.19629752095,
      1835731.926,
      13.436237291739863,
      3492296.4160224,
      33.624183822579
    ],
    "Michigan": [
      464264,
      5631405669.02736,
      51117.44648907872,
      10954210307.392021,
      130625.52275819174,
      1212974.8739999998,
      11.010426500671755,
      2359478.7249048003,
      28.1360438798166
    ],
    "Minnesota": [
      336038,
      4535952670.07652,
      40491.94968829759,
      8865519493.664558,
      101132.69354149207,
      1349833.254,
      12.049812726030266,
      2638249.094943,
      30.0956122645332
    ],
    "Mississippi": [
      92410,
      1026119022.8249999,
      8706.139978216286,
      1746967636.3595624,
      21276.064878764962,
      1110398.25,
      9.421209802203535,
      1890453.020625,
      23.023552514625
    ],
    "Missouri": [
      237342,
      2940003800.2490396,
      23705.306935206154,
      5844433554.515066,
      60787.51857394914,
      1238720.412,
      9.987826400386849,
      2462452.3070147997,
      25.611783238511997
    ],
    "Montana": [
      27938,
      270428107.15751994,
      2398.406918644607,
      436146451.22364813,
      5760.253896508752,
      967958.0039999998,
      8.584748080194025,
      1561122.6688511996,
      20.61798946420199
    ],
    "Nebraska": [
      107063,
      1279562206.85172,
      10854.949093964837,
      2071227344.2308793,
      25526.498289367708,
      1195148.844,
      10.138842638413678,
      1934587.4337828,
      23.842502348493603
    ],
    "Nevada": [
      191142,
      2627996403.04992,
      19775.801303232154,
      4638939250.663719,
      50606.275534971086,
      1374892.176,
      10.346130784041264,
      2426959.6690752003,
      26.475748676361597
    ],
    "New Hampshire": [
      63807,
      929099495.1528001,
      6333.9907730618115,
      1688638332.4402142,
      16149.142874998393,
      1456109.0400000003,
      9.92679607732978,
      2646478.1802000003,
      25.309359278760002
    ],
    "New Jersey": [
      513307,
      9786093887.13882,
      69164.95642199634,
      19601546055.93906,
      179254.8175588879,
      1906479.7260000003,
      13.474384027881236,
      3818678.8911780007,
      34.9215610850598
    ],
    "New Mexico": [
      69238,
      786731676.40236,
      6595.419835690975,
      1294252280.8495224,
      16001.80760535344,
      1136271.5219999999,
      9.525722631634325,
      1869280.2808422,
      23.111308248871197
    ],