{
  "sheet": "Spending Impacts",
  "data": {
    "State": [
      "Total Number of Renter Households",
      "Direct Consumer Spending",
      "Direct Jobs Supported",
      "Total Consumer Spending",
      "Total Jobs Supported",
      "Consumer Spending per 100",
      "Jobs Supported per 100",
      "Consumer Spending per 100",
      "Jobs Supported per 100"
    ],
    "Alabama": [
      184352,
      2260670488.8768,
      19879.596690956907,
      4127306111.542374,
      50082.66794352774,
      1226279.34,
      10.78349933,
      2238818.191,
      27.16686987
    ],
    "Alaska": [
      31014,
      567748828.5742799,
      4155.616847509014,
      926452538.4675099,
      9977.220489184392,
      1830621.102,
      13.3991644,
      2987207.514,
      32.17005381
    ],
    "Arizona": [
      344932,
      4637134457.8944,
      35858.17758594428,
      8774849534.673573,
      94246.04814913736,
      1344361.92,
      10.39572367,
      2543936.061,
      27.32308053
    ],
    "Arkansas": [
      99100,
      1171335088.404,
      9840.622413113511,
      2013056482.9311144,
      24074.098671440894,
      1181972.844,
      9.929992344,
      2031338.53,
      24.29273327
    ],
    "California": [
      2613257,
      50919604441.27662,
      392477.64138105174,
      103830165416.20715,
      1021187.5751093585,
      1948511.166,
      15.01871578,
      3973209.119,
      39.07719658
    ],
    "Colorado": [
      341213,
      5188560047.223901,
      42711.22202046089,
      10658858905.01206,
      112450.10533546943,
      1520622.03,
      12.51746622,
      3123813.836,
      32.95598507
    ],
    "Connecticut": [
      184422,
      2948926369.7376,
      20843.398648392817,
      5479105194.972461,
      52467.0030777344,
      1599010.08,
      11.30201313,
      2970960.729,
      28.44942744
    ],
    "Delaware": [
      40599,
      577485852.5521799,
      3987.2896970024362,
      978376531.3939033,
      9638.87411353369,
      1422413.982,
      9.821152484,
      2409853.768,
      23.74165401
    ],
    "District of Columbia": [
      107772,
      2361914529.24672,
      4984.236083313108,
      3049231657.257515,
      10836.227668731028,
      2191584.576,
      4.624796871,
      2829335.688,
      10.05477088
    ],
    "Florida": [
      1083484,
      16102581626.08704,
      130048.50006858206,
      31234177580.121033,
      342638.78313069313,
      1486185.456,
      12.00280762,
      2882753.929,
      31.62379723
    ],
    "Georgia": [
      479581,
      7018059068.55402,
      59552.28647130846,
      14661427200.116205,
      157116.7973972531,
      1463373.042,
      12.41756585,
      3057132.622,
      32.76126398
    ],
    "Hawaii": [
      81149,
      1494266239.1220598,
      12161.527969150444,
      2635138512.6917524,
      30159.373210696183,
      1841385.894,
      14.986664,
      3247284.024,
      37.16542805
    ],
    "Idaho": [
      45141,
      401723675.97029996,
      3499.6116716295705,
      652760801.0841404,
      8421.815487776563,
      889930.83,
      7.752623273,
      1446048.606,
      18.65668791
    ],
    "Illinois": [
      723841,
      12388640689.72008,
      102409.07735801693,
      26410104222.34527,
      266202.1556844292,
      1711514.088,
      14.14800728,
      3648605.733,
      36.77633012
    ],
    "Indiana": [
      274267,
      3369736109.7968397,
      29873.269510794606,
      6349593751.690186,
      75107.37420403979,
      1228633.452,
      10.89203933,
      2315114.014,
      27.38476528
    ],
    "Iowa": [
      130227,
      1591499382.46002,
      13405.50750806209,
      2633613178.0948415,
      31800.544910624893,
      1222096.326,
      10.29395402,
      2022325,
      24.41931774
    ],
    "Kansas": [
      128191,
      1664520626.5338001,
      13326.173272355096,
      2782246227.251247,
      31693.637893642128,
      1298469.18,
      10.39556074,
      2170391.234,
      24.72376212
    ],
    "Kentucky": [
      171829,
      2035706433.2026799,
      17352.43759218137,
      3821631687.0513906,
      43530.324943746185,
      1184728.092,
      10.09866646,
      2224090.047,
      25.33351468
    ],
    "Louisiana": [
      164767,
      2203635853.81296,
      17976.90356633584,
      3880602738.5646224,
      44760.69218981961,
      1337425.488,
      10.91050002,
      2355206.284,
      27.166054
    ],
    "Maine": [
      47622,
      516521985.23484,
      4555.9037786163435,
      925607397.5408332,
      11356.045758579097,
      1084628.922,
      9.566804793,
      1943655.028,
      23.84621763
    ],
    "Maryland": [
      377086,
      7628211838.734,
      54450.76451688383,
      14184659914.125874,
      137509.96071093844,
      2022936.9,
      14.43987963,
      3761651.166,
      36.46647203
    ],
    "Massachusetts": [
      423309,
      7770818458.63134,
      56876.80171729109,
      14783205035.700262,
      142334.19629752095,
      1835731.926,
      13.43623729,
      3492296.416,
      33.62418382
    ],
    "Michigan": [
      464264,
      5631405669.02736,
      51117.44648907872,
      10954210307.392021,
      130625.52275819174,
      1212974.874,
      11.0104265,
      2359478.725,
      28.13604388
    ],
    "Minnesota": [
      336038,
      4535952670.07652,
      40491.94968829759,
      8865519493.664558,
      101132.69354149207,
      1349833.254,
      12.04981273,
      2638249.095,
      30.09561226
    ],
    "Mississippi": [
      92410,
      1026119022.8249999,
      8706.139978216286,
      1746967636.3595624,
      21276.064878764962,
      1110398.25,
      9.421209802,
      1890453.021,
      23.02355251
    ],
    "Missouri": [
      237342,
      2940003800.2490396,
      23705.306935206154,
      5844433554.515066,
      60787.51857394914,
      1238720.412,
      9.9878264,
      2462452.307,
      25.61178324
    ],
    "Montana": [
      27938,
      270428107.15751994,
      2398.406918644607,
      436146451.22364813,
      5760.253896508752,
      967958.004,
      8.58474808,
      1561122.669,
      20.61798946
    ],
    "Nebraska": [
      107063,
      1279562206.85172,
      10854.949093964837,
      2071227344.2308793,
      25526.498289367708,
      1195148.844,
      10.13884264,
      1934587.434,
      23.84250235
    ],
    "Nevada": [
      191142,
      2627996403.04992,
      19775.801303232154,
      4638939250.663719,
      50606.275534971086,
      1374892.176,
      10.34613078,
      2426959.669,
      26.47574868
    ],
    "New Hampshire": [
      63807,
      929099495.1528001,
      6333.9907730618115,
      1688638332.4402142,
      16149.142874998393,
      1456109.04,
      9.926796077,
      2646478.18,
      25.30935928
    ],
    "New Jersey": [
      513307,
      9786093887.13882,
      69164.95642199634,
      19601546055.93906,
      179254.8175588879,
      1906479.726,
      13.47438403,
      3818678.891,
      34.92156109
    ],
    "New Mexico": [
      69238,
      786731676.40236,
      6595.419835690975,
      1294252280.8495224,
      16001.80760535344,
      1136271.522,
      9.525722632,
      1869280.281,
      23.11130825
    ],
    "New York": [
      2002816,
      44032784990.591995,
      303248.2571090949,
      81914189917.99829,
      747628.2530767624,
      2198543.7,
      15.14109419,
      4089950.845,
      37.32885363
    ],
    "North Carolina": [
      420206,
      6142777284.577081,
      51972.246450241706,
      12146113524.794262,
      135314.94085784932,
      1461849.018,
      12.36827805,
      2890514.063,
      32.20204872
    ],
    "North Dakota": [
      56110,
      657471444.339,
      5259.43104295835,
      1015267404.3482838,
      12186.101726534498,
      1171754.49,
      9.373429055,
      1809423.283,
      21.71823512
    ],