{
  "sheet": "Spending Impacts (metro)",
  "data": {
    "Metro": [
      "Total Number of Renter Households",
      "Direct Consumer Spending",
      "Direct Jobs Supported",
      "Total Consumer Spending",
      "Total Jobs Supported",
      "Consumer Spending per 100",
      "Jobs Supported per 100",
      "Consumer Spending per 100",
      "Jobs Supported per 100"
    ],
    "Albuquerque": [
      45567,
      534209381.44740003,
      4474.495246271701,
      908957262.5327512,
      11060.057349734392,
      1172360.2200000002,
      9.819595861636055,
      1994770.91433,
      24.272077050792003
    ],
    "Atlanta": [
      341970,
      5403544174.5948,
      45721.96524573656,
      10947580497.729063,
      120349.35691982777,
      1580122.284,
      13.370168507686802,
      3201327.747383999,
      35.192957545933204
    ],
    "Austin": [
      154989,
      2688956953.35318,
      20159.538367220353,
      4980486069.00076,
      51449.15786698307,
      1734934.062,
      13.00707686817797,
      3213444.8696364,
      33.195360875277
    ],
    "Baltimore": [
      171011,
      3262767357.45894,
      23400.401409432932,
      6041340039.070973,
      59212.3757264291,
      1907928.3539999998,
      13.683565039344215,
      3532720.1402664,
      34.6248929755566
    ],
    "Birmingham": [
      56557,
      826404523.59978,
      7142.976374599538,
      1528848368.659593,
      18266.019185125937,
      1461188.754,
      12.629694599429845,
      2703199.1949000005,
      32.296655029662
    ],
    "Boston": [
      324267,
      6710963597.22258,
      44601.866995688055,
      12150870689.131203,
      110345.01894733225,
      2069579.5740000003,
      13.754673462204927,
      3747180.7766844,
      34.029062145495
    ],
    "Charleston": [
      36835,
      573254909.2125,
      4900.8416554490295,
      998724702.8300174,
      12324.636595123222,
      1556277.75,
      13.304850428801492,
      2711347.09605,
      33.459037858349994
    ],
    "Charlotte": [
      116116,
      1937028626.3328,
      15536.78687309858,
      3747181877.6408014,
      40440.702551988295,
      1668184.08,
      13.38040138576818,
      3227102.1027599997,
      34.827846767016
    ],
    "Chicago": [
      604255,
      11174467279.0959,
      98611.17547008957,
      23636233188.74365,
      259081.14131256632,
      1849296.6179999998,
      16.31946371483721,
      3911632.2063936,
      42.8761270179918
    ],
    "Cincinnati": [
      123569,
      1711270998.852,
      14988.884938262352,
      3329448855.3664513,
      38398.52543484049,
      1384870.8,
      12.129971868561169,
      2694404.62848,
      31.074561932880005
    ],
    "Columbus": [
      122174,
      1791805750.81872,
      15212.861867101728,
      3481120212.6906095,
      38891.68136324557,
      1466601.5280000002,
      12.451799783179505,
      2849313.4485984,
      31.8330261456984
    ],
    "Dallas": [
      530416,
      8904332132.2416,
      70089.87583648463,
      18608273289.958496,
      188520.73903739272,
      1678745.01,
      13.21413302699855,
      3508241.321898,
      35.542053602718006
    ],
    "Denver": [
      222569,
      3566002449.89892,
      27963.131336267346,
      7149478311.802345,
      72922.25389871799,
      1602200.868,
      12.563803286292048,
      3212252.5202532,
      32.7638862099924
    ],
    "Detroit": [
      219072,
      2835655121.61792,
      24748.80738212075,
      5367895145.222722,
      63208.45405393641,
      1294394.136,
      11.297111169898823,
      2450288.0994479996,
      28.852821927921603
    ],
    "Houston": [
      470719,
      8506125825.45276,
      65701.63252453698,
      16232239912.711502,
      168728.36248626345,
      1807049.604,
      13.957718410460801,
      3448392.7593132,
      35.84481664990439
    ],
    "Indianapolis": [
      103823,
      1502827652.7523801,
      13197.115597100126,
      2882273155.21379,
      34140.93804969802,
      1447490.1060000001,
      12.711167657551915,
      2776141.2742974,
      32.88379073008681
    ],
    "Las Vegas": [
      148938,
      2084783884.2338402,
      15598.522875422062,
      3547885214.1891494,
      39478.301545405695,
      1399766.2680000002,
      10.473165260324473,
      2382122.2348824004,
      26.506533957355206
    ],
    "Los Angeles": [
      1224093,
      23436638960.60916,
      166010.96065150303,
      47107644310.82441,
      429387.3497251126,
      1914612.612,
      13.561956538555734,
      3848371.35012,
      35.078000586974404
    ],
    "Louisville": [
      67171,
      869112809.19684,
      7845.645210315643,
      1658354151.2284904,
      20084.067173887015,
      1293881.0040000002,
      11.680107799966716,
      2468854.3437324,
      29.8999079571348
    ],
    "Miami": [
      431641,
      6746305850.648279,
      53671.41161928299,
      12699920763.845387,
      140699.60555995037,
      1562943.7079999996,
      12.434270984286245,
      2942241.53031,
      32.5964413853064
    ],
    "Minneapolis": [
      244071,
      3567744057.75498,
      32429.35068796911,
      7192572020.43404,
      83719.61173606104,
      1461764.838,
      13.28685123917594,
      2946917.9134080005,
      34.3013351590566
    ],
    "Nashville": [
      100657,
      1440127184.4004202,
      11229.98074923737,
      2887743030.1597223,
      29646.02617991173,
      1430727.3060000003,
      11.156681352749803,
      2868894.3939912003,
      29.4525231031242
    ],
    "New Orleans": [
      61421,
      871431766.5564599,
      6965.049617151855,
      1548447105.9941735,
      17437.698221501385,
      1418784.726,
      11.339850567642753,
      2521038.5796294,
      28.390449881150396
    ],
    "New York": [
      2102973,
      48001922748.07956,
      364027.44615540834,
      91107649375.855,
      916803.1231423959,
      2282574.372,
      17.31013408899726,
      4332326.158055999,
      43.595572703139595
    ],
    "Orlando": [
      139288,
      2063908979.7912,
      15540.095182119887,
      3798005304.6117663,
      40449.313749539855,
      1481756.49,
      11.15680832671866,
      2726728.292898,
      29.040056393616002
    ],
    "Philadelphia": [
      291752,
      5072148029.0558405,
      40569.7702375587,
      10489202124.087479,
      105469.23168658135,
      1738513.5420000001,
      13.905567138377355,
      3595246.004856,
      36.15030288963961
    ],
    "Phoenix": [
      248934,
      3575301520.90104,
      27716.647740359505,
      6919996093.703963,
      73759.54296664472,
      1436244.756,
      11.134135047988424,
      2779851.7252380005,
      29.630160189706796
    ],
    "Pittsburgh": [
      113073,
      1391947262.16894,
      11842.38096202842,
      2586794792.014758,
      29530.161166914062,
      1231016.4780000001,
      10.473217268515402,
      2287721.0227151997,
      26.116014580770003
    ],
    "Portland": [
      165054,
      2617855914.74472,
      20793.304332572396,
      5101154035.471561,
      54199.82707328321,
      1586060.268,
      12.597879683359626,
      3090597.0382248,
      32.837633182645206
    ],
    "Richmond": [
      68533,
      1009827663.78696,
      8608.915151367955,
      1932103269.1235905,
      21682.41370023533,
      1473491.112,
      12.561707719446042,
      2819230.5445895996,
      31.6379170621968
    ],
    "Riverside": [
      151356,
      2188237340.40696,
      14812.48762822987,
      3713657590.404652,
      35635.88273599542,
      1445755.266,
      9.786521596917117,
      2453591.2619286003,
      23.5444136578632
    ],
    "Salt Lake City": [
      61129,
      976984559.6664,
      7005.670833083756,
      1882356151.109253,
      18607.061732670456,
      1598234.16,
      11.460470207403617,
      3079317.756072,
      30.439008870864
    ],