{
  "sheet": "State Renter Households",
  "data": {
    "Alabama": [
      596.7919012499999,
      596791.9013,
      692.8481778478358,
      692848.1778,
      "Source: Hoyt Advisory Services"
    ],
    "Alaska": [
      95.93337234999998,
      95933.37235,
      108.36077207743777,
      108360.7721
    ],
    "Arizona": [
      851.75743625,
      851757.4363,
      1199.2892033453904,
      1199289.203
    ],
    "Arkansas": [
      458.64231200000006,
      458642.312,
      522.3592264819836,
      522359.2265
    ],
    "California": [
      6195.3828650000005,
      6195382.865,
      7487.5232692839345,
      7487523.269
    ],
    "Colorado": [
      812.912752,
      812912.752,
      1008.7976998800268,
      1008797.7
    ],
    "Connecticut": [
      504.11230349999994,
      504112.3035,
      572.0673461925318,
      572067.3462
    ],
    "Delaware": [
      99.51821124999995,
      99518.21125,
      123.67211309346293,
      123672.1131
    ],
    "District of Columbia": [
      176.97159479999996,
      176971.5948,
      202.30342259634654,
      202303.4226
    ],
    "Florida": [
      2938.3446565,
      2938344.657,
      4145.166328390424,
      4145166.328
    ],
    "Georgia": [
      1447.4422297499996,
      1447442.23,
      1903.5084629972293,
      1903508.463
    ],
    "Hawaii": [
      205.3685727,
      205368.5727,
      245.55431633307114,
      245554.3163
    ],
    "Idaho": [
      186.19223565000001,
      186192.2357,
      233.92969165092316,
      233929.6917
    ],
    "Illinois": [
      1733.4289095000004,
      1733428.91,
      1804.3900127614238,
      1804390.013
    ],
    "Indiana": [
      760.5595504999995,
      760559.5505,
      866.7037738056077,
      866703.7738
    ],
    "Iowa": [
      382.948458,
      382948.458,
      429.0573123106425,
      429057.3123
    ],
    "Kansas": [
      382.1534409999999,
      382153.441,
      481.55519995970246,
      481555.2
    ],
    "Kentucky": [
      569.08136775,
      569081.3678,
      652.2198791509935,
      652219.8792
    ],
    "Louisiana": [
      657.96462,
      657964.62,
      715.3001337211789,
      715300.1337
    ],
    "Maine": [
      157.35986600000004,
      157359.866,
      172.9576634705966,
      172957.6635
    ],
    "Maryland": [
      758.8503795,
      758850.3795,
      895.65481888843,
      895654.8189
    ],
    "Massachusetts": [
      1077.8518032499999,
      1077851.803,
      1300.731714650605,
      1300731.715
    ],
    "Michigan": [
      1083.4702392500005,
      1083470.239,
      1182.5357951375518,
      1182535.795
    ],
    "Minnesota": [
      607.4849384999999,
      607484.9385,
      736.4235709306554,
      736423.5709
    ],
    "Mississippi": [
      350.143145,
      350143.145,
      387.40357882418215,
      387403.5788
    ],
    "Missouri": [
      824.3668080000002,
      824366.808,
      935.0916288958236,
      935091.6289
    ],
    "Montana": [
      145.47896369999998,
      145478.9637,
      171.76840266967284,
      171768.4027
    ],
    "Nebraska": [
      244.09573492500004,
      244095.7349,
      290.5110082743016,
      290511.0083
    ],
    "Nevada": [
      508.8977414999998,
      508897.7415,
      705.0556914123928,
      705055.6914
    ],
    "New Hampshire": [
      152.20181835000002,
      152201.8184,
      184.86116850175804,
      184861.1685
    ],
    "New Jersey": [
      1256.43987,
      1256439.87,
      1341.41420764659,
      1341414.208
    ],
    "New Mexico": [
      270.7675304,
      270767.5304,
      315.92810805227066,
      315928.1081
    ],
    "New York": [
      3695.947203,
      3695947.203,
      3923.00892229321,
      3923008.922
    ],
    "North Carolina": [
      1381.190845,
      1381190.845,
      1903.639786744058,
      1903639.787
    ],
    "North Dakota": [
      126.40272092499997,
      126402.7209,
      146.46046467135398,
      146460.4647
    ],
    "Ohio": [
      1602.5516490000005,
      1602551.649,
      1717.84331849089,
      1717843.318
    ],
    "Oklahoma": [
      519.3070959999998,
      519307.096,
      605.2112218980687,
      605211.2219
    ],
    "Oregon": [
      611.9571330000001,
      611957.133,
      726.8730745083236,
      726873.0745
    ],
    "Pennsylvania": [
      1631.9707527500002,
      1631970.753,
      1753.6569111882416,
      1753656.911
    ],
    "Rhode Island": [
      188.34568900000002,
      188345.689,
      208.9301616814934,
      208930.1617
    ],
    "South Carolina": [
      608.7043305000002,
      608704.3305,
      769.213931782231,
      769213.9318
    ],
    "South Dakota": [
      105.70312995,
      105703.13,
      131.55401806197062,
      131554.0181
    ],
    "Tennessee": [
      887.062,
      887062,
      1050.1948924374951,
      1050194.892
    ],
    "Texas": [
      3874.8224099999998,
      3874822.41,
      5146.177549149355,
      5146177.549
    ],
    "Utah": [
      284.46645010000003,
      284466.4501,
      385.43932369980456,
      385439.3237
    ],
    "Vermont": [
      76.12072935000002,
      76120.72935,
      87.23136740760393,
      87231.36741
    ],
    "Virginia": [
      1095.3958905000004,
      1095395.891,
      1346.9789656045148,
      1346978.966
    ],
    "Washington": [
      1095.7273000000002,
      1095727.3,
      1361.2776504725273,
      1361277.65
    ],
    "West Virginia": [
      195.52140982499992,
      195521.4098,
      198.84967152332572,
      198849.6715
    ],
    "Wisconsin": [
      767.6612115000001,
      767661.2115,
      885.3230985733262,
      885323.0986
    ],
    "Wyoming": [
      72.22027019999999,
      72220.2702,
      81.67300417230679,
      81673.00417
    ]
  },
  "labels": [
    "2016 Renter HHs (000)",
    "2016 Renter HHs",
    "2030 Renter HHs (000)",
    "2030 Renter HHs",
    "Time Period: 2016-2030"
  ]
}