{
  "sheet": "State HH Growth",
  "data": {
    "Alabama": [
      1964.747,
      2203.6430000000005,
      0.12159122777640094,
      "Source: Hoyt Advisory Services"
    ],
    "Alaska": [
      275.2751,
      312.88080000000053,
      0.1366113389841672
    ],
    "Arizona": [
      2630.911,
      3583.6670000000013,
      0.36213919817128026
    ],
    "Arkansas": [
      1204.576,
      1310.0090000000018,
      0.08752706346465629
    ],
    "California": [
      13417.18,
      16056.050000000012,
      0.1966784376448711
    ],
    "Colorado": [
      2162.002,
      2662.0489999999977,
      0.23128887022306074
    ],
    "Connecticut": [
      1406.171,
      1490.4540000000009,
      0.05993794495833068
    ],
    "Delaware": [
      368.245,
      431.1874,
      0.17092533503509896
    ],
    "District of Columbia": [
      299.1912,
      345.0808999999999,
      0.15337917692766329
    ],
    "Florida": [
      8242.201,
      11301.519999999979,
      0.37117743185345514
    ],
    "Georgia": [
      3841.917,
      4825.575999999998,
      0.2560333812521193
    ],
    "Hawaii": [
      485.5049,
      561.8728000000007,
      0.157295837796901
    ],
    "Idaho": [
      632.2317,
      762.7460000000007,
      0.20643428667053645
    ],
    "Illinois": [
      4999.074,
      5353.3629999999985,
      0.07087092529536447
    ],
    "Indiana": [
      2615.854,
      2928.151000000003,
      0.11938625015004783
    ],
    "Iowa": [
      1275.432,
      1373.722999999998,
      0.07706486900124655
    ],
    "Kansas": [
      1159.798,
      1344.687999999999,
      0.15941569135314854
    ],
    "Kentucky": [
      1776.991,
      2009.615999999999,
      0.13090949813476777
    ],
    "Louisiana": [
      1837.89,
      2004.2580000000025,
      0.0905211955013643
    ],
    "Maine": [
      575.356,
      610.4937,
      0.06107123241958022
    ],
    "Maryland": [
      2268.611,
      2599.170000000003,
      0.14570986387706086
    ],
    "Massachusetts": [
      2679.557,
      3053.448999999998,
      0.1395350052266095
    ],
    "Michigan": [
      3987.011,
      4273.174000000005,
      0.07177381752897233
    ],
    "Minnesota": [
      2205.027,
      2498.095999999999,
      0.1329094836480456
    ],
    "Mississippi": [
      1157.498,
      1243.0030000000017,
      0.07387053800525072
    ],
    "Missouri": [
      2475.576,
      2770.4049999999997,
      0.11909511160230982
    ],
    "Montana": [
      442.1853,
      513.4827,
      0.16123873860121546
    ],
    "Nebraska": [
      762.2037,
      868.1900000000012,
      0.1390524606479884
    ],
    "Nevada": [
      1119.687,
      1516.2519999999993,
      0.35417487208478743
    ],
    "New Hampshire": [
      542.1258,
      603.4330999999995,
      0.11308685179712805
    ],
    "New Jersey": [
      3323.915,
      3605.373000000006,
      0.08467665388555544
    ],
    "New Mexico": [
      828.6688,
      943.1971000000004,
      0.13820756857263167
    ],
    "New York": [
      7628.374,
      8198.376000000011,
      0.07472129709424463
    ],
    "North Carolina": [
      4032.674,
      5406.763999999996,
      0.34073917207292126
    ],
    "North Dakota": [
      328.1057,
      379.6511999999999,
      0.15710028810837448
    ],
    "Ohio": [
      4727.291,
      4967.286000000001,
      0.05076797683916662
    ],
    "Oklahoma": [
      1564.178,
      1792.2820000000006,
      0.14582995029977439
    ],
    "Oregon": [
      1635.156,
      1968.3209999999958,
      0.20375120172020034
    ],
    "Pennsylvania": [
      5176.751,
      5545.262000000001,
      0.07118576883454514
    ],
    "Rhode Island": [
      430.997,
      467.55369999999976,
      0.08481891985326986
    ],
    "South Carolina": [
      1954.107,
      2389.957000000002,
      0.22304305751936931
    ],
    "South Dakota": [
      346.2838,
      396.227,
      0.14422620983135795
    ],
    "Tennessee": [
      2644,
      3089.7979999999975,
      0.16860741301058907
    ],
    "Texas": [
      10051.42,
      12969.240000000005,
      0.29028933225355275
    ],
    "Utah": [
      991.1723,
      1251.0700000000004,
      0.2622124326920763
    ],
    "Vermont": [
      265.6919,
      283.0901999999995,
      0.06548298988414608
    ],
    "Virginia": [
      3252.846,
      3783.856000000002,
      0.16324474014447718
    ],
    "Washington": [
      2851.6,
      3497.297000000001,
      0.22643323046710656
    ],
    "West Virginia": [
      773.5763,
      802.8380000000004,
      0.037826520796979526
    ],
    "Wisconsin": [
      2374.822,
      2626.9420000000036,
      0.10616374616708263
    ],
    "Wyoming": [
      242.3499,
      276.1639999999998,
      0.13952594987660333
    ]
  },
  "labels": [
    2016,
    2030,
    "Percent Change",
    "Time Period: 2016-2030"
  ]
}