{
  "sheet": "State HH Growth",
  "data": {
    "Alabama": 0.008229997188147431,
    "Alaska": 0.009188480557780654,
    "Arizona": 0.006011307944030042,
    "Arkansas": 0.022320923253904557,
    "California": 0.012907574950845602,
    "Colorado": 0.014972516188884955,
    "Connecticut": 0.004166539125807001,
    "Delaware": 0.011334780209624418,
    "District of Columbia": 0.010244696109239726,
    "Florida": 0.022803967591656926,
    "Georgia": 0.016416046950314067,
    "Hawaii": 0.010489353668196921,
    "Idaho": 0.013495187462961633,
    "Illinois": 0.0049028560197525994,
    "Indiana": 0.008088288039931113,
    "Iowa": 0.005316915431413438,
    "Kansas": 0.010621451627614409,
    "Kentucky": 0.008826019826821296,
    "Louisiana": 0.006208891679036155,
    "Maine": 0.004243190837636135,
    "Maryland": 0.009763383379912893,
    "Massachusetts": 0.00937368096692337,
    "Michigan": 0.004963351772641511,
    "Minnesota": 0.008953349876031469,
    "Mississippi": 0.0051036542807729735,
    "Missouri": 0.008069557826525298,
    "Montana": 0.01073487495446157,
    "Nebraska": 0.009343144477322873,
    "Nevada": 0.021892800261811285,
    "New Hampshire": 0.007682006593834556,
    "New Jersey": 0.005822738603570743,
    "New Mexico": 0.009289648894719615,
    "New York": 0.00516051047608701,
    "North Carolina": 0.021165235547034422,
    "North Dakota": 0.010477156738597948,
    "Ohio": 0.003543499354496049,
    "Oklahoma": 0.009770942821307527,
    "Oregon": 0.0133340215275497,
    "Pennsylvania": 0.004923956601433632,
    "Rhode Island": 0.00583216113724605,
    "South Carolina": 0.014485488303643823,
    "South Dakota": 0.009669926597058565,
    "Tennessee": 0.0111916484519754,
    "Texas": 0.018371465278296917,
    "Utah": 0.016772394809143387,
    "Vermont": 0.004540864907506492,
    "Virginia": 0.010859490117199,
    "Washington": 0.014686092320884914,
    "West Virginia": 0.002655565673811644,
    "Wisconsin": 0.0072330289505460055,
    "Wyoming": 0.009373108034878452
  },
  "labels": [
    "2016-2030 HH Growth",
    null,
    null,
    "Time Period: 2016-2030"
  ]
}