{
  "sheet": "Metro Jobs",
  "data": {
    "Albuquerque": 14340.63955906805,
    "Atlanta": 157894.0637820716,
    "Austin": 72412.16848229962,
    "Baltimore": 72819.81797343699,
    "Birmingham": 22583.273537461173,
    "Boston": 147088.28110385902,
    "Charleston": 16433.45436126179,
    "Charlotte": 52583.02765152126,
    "Chicago": 308468.85184814956,
    "Cincinnati": 46869.77938608422,
    "Columbus": 48682.223417826455,
    "Dallas Fort Worth": 239649.4293009559,
    "Denver": 97443.3261376456,
    "Detroit": 77038.01934322747,
    "Houston": 218695.39513391512,
    "Indianapolis": 43926.99956742757,
    "Las Vegas": 46843.52532733576,
    "Los Angeles": 534949.4914198676,
    "Louisville": 24951.449022183442,
    "Miami": 195647.0994498527,
    "Minneapolis": 111714.14571755509,
    "Nashville": 40346.36308786576,
    "New Orleans": 21540.46358828872,
    "New York City": 1062272.352904773,
    "Orlando": 57869.136636148636,
    "Philadelphia": 131307.29265778133,
    "Phoenix": 99891.97905936331,
    "Pittsburgh": 38393.32349209272,
    "Portland": 70508.9377129511,
    "Richmond": 26980.004117773482,
    "Riverside": 45453.83939982594,
    "St. Louis": 43827.73452316316,
    "Salt Lake City": 24767.60952822708,
    "San Antonio": 45970.920158565736,
    "San Diego": 111379.2538254584,
    "San Francisco": 209400.84169767093,
    "Seattle": 146784.87424874218,
    "Tampa": 73983.59435088708,
    "Washington D.C.": 249744.7484400861,
    "Sioux Falls": 6461.6376697089
  },
  "labels": [
    "total jobs",
    null,
    "Time Period: 2013"
  ]
}