{
  "sheet": "Metro Restriction Index",
  "data": {
    "Albuquerque": 2.9961155378701605,
    "Atlanta": 0.35569878010064104,
    "Austin": -1.815782349219339,
    "Baltimore": 11.934459279231021,
    "Birmingham": -1.0867073489746746,
    "Boston": 13.063683196421165,
    "Charleston": -3.4707436669059946,
    "Charlotte": -3.5242680205891133,
    "Chicago": 1.5776411152831065,
    "Cincinnati": -3.670982086468011,
    "Cleveland": 0.34107513413069057,
    "Columbus": 1.9014647174611692,
    "Dallas Fort Worth": -1.27327853720667,
    "Denver": 6.45389681075934,
    "Detroit": 1.2298335073875726,
    "Houston": -2.4851030755289125,
    "Indianapolis": -5.104310391861654,
    "Kansas City": -5.295240750905361,
    "Las Vegas": -3.6548333468830423,
    "Little Rock": -5.429669607614634,
    "Los Angeles": 5.300360665102884,
    "Louisville": -2.8186221733198384,
    "Memphis": 8.659699760104036,
    "Miami": 9.304320822852748,
    "Milwaukee": 4.707044244498681,
    "Minneapolis": 3.3389986022520026,
    "Nashville": -2.3955292238354353,
    "New Orleans": -5.947749679586069,
    "New York City": 5.982011986694788,
    "Oklahoma City": -2.4896053177952444,
    "Orlando": 3.5284630800264054,
    "Philadelphia": 8.238700883780028,
    "Phoenix": 4.751756178059856,
    "Pittsburgh": 1.7759321399827463,
    "Portland": 3.2307665496823086,
    "Raleigh": 4.750848756376028,
    "Richmond": -2.3310109109176773,
    "Riverside": 5.0553021066778765,
    "Sacramento": 4.1345408131282175,
    "St. Louis": -4.688092987596715,
    "Salt Lake City": 2.3788812370107046,
    "San Antonio": -1.3492548898757375,
    "San Diego": 5.484603936494453,
    "San Francisco": 7.645974182070713,
    "San Jose": 3.7567062339791533,
    "Seattle": 7.978676630403224,
    "Tampa": -0.036004111897651736,
    "Honolulu": 19.472229361768342,
    "Washington D.C.": 2.661455174715374,
    "Sioux Falls": -3.1243529473236635
  },
  "labels": [
    "Restriction Index",
    null,
    "Time Period: 2016"
  ]
}