{
  "sheet": "Metro Supply",
  "data": {
    "Albuquerque": [
      388.64285714285717,
      635.477192364522,
      635.4771923645224
    ],
    "Atlanta": [
      5907.464285714285,
      12149.655197774966,
      12149.655197774966
    ],
    "Austin": [
      6245.5,
      8148.302114640244,
      8148.302114640244
    ],
    "Baltimore": [
      2694.9285714285716,
      1640.3403951011674,
      1640.3403951011674
    ],
    "Birmingham": [
      788.2142857142857,
      377.3446151928168,
      377.3446151928168
    ],
    "Boston": [
      4583.75,
      4722.093880406198,
      4722.093880406198
    ],
    "Charleston": [
      1420.142857142857,
      956.2711496148274,
      956.2711496148274
    ],
    "Charlotte": [
      4548.142857142857,
      5108.75460880795,
      5108.75460880795
    ],
    "Chicago": [
      4706.178571428572,
      3416.153414880341,
      3416.153414880341
    ],
    "Cincinnati": [
      1100.642857142857,
      1093.7128985231518,
      1093.7128985231518
    ],
    "Cleveland": [
      659.2857142857143,
      367.9252341109553,
      367.9252341109553
    ],
    "Columbus": [
      2867.035714285714,
      2360.5358881467173,
      2360.5358881467173
    ],
    "Dallas Fort Worth": [
      13092.142857142857,
      19021.112209068004,
      19021.112209068004
    ],
    "Denver": [
      5027.571428571428,
      3985.7517031461216,
      3985.7517031461216
    ],
    "Detroit": [
      697.6071428571429,
      1104.8055063575864,
      1104.8055063575864
    ],
    "Houston": [
      12027.964285714286,
      15298.316368837866,
      15298.316368837866
    ],
    "Indianapolis": [
      2303.6785714285716,
      2207.207168986291,
      2207.207168986291
    ],
    "Kansas City": [
      2218.714285714286,
      1000.5085738105305,
      1000.5085738105305
    ],
    "Las Vegas": [
      1490.1785714285713,
      6234.291827425941,
      6234.291827425941
    ],
    "Little Rock": [
      951.3928571428571,
      416.2317597405755,
      416.2317597405755
    ],
    "Los Angeles": [
      5807.535714285715,
      11728.651212017401,
      11728.651212017401
    ],
    "Louisville": [
      984.2857142857143,
      663.9175836124424,
      663.9175836124424
    ],
    "Memphis": [
      792.7142857142857,
      837.0763605094284,
      837.0763605094284
    ],
    "Miami": [
      6577.071428571428,
      13243.847872795042,
      13243.847872795042
    ],
    "Milwaukee": [
      1306.2857142857142,
      375.0523595901187,
      375.0523595901187
    ],
    "Minneapolis": [
      2982.5,
      5055.926496597102,
      5055.926496597102
    ],
    "Nashville": [
      3446.535714285714,
      2138.68995370751,
      2138.68995370751
    ],
    "New Orleans": [
      767.9285714285714,
      497.54789613123387,
      497.54789613123387
    ],
    "New York City": [
      15909.57142857143,
      19902.40678534151,
      19902.40678534151
    ],
    "Oklahoma City": [
      1709.7857142857142,
      922.5298426715152,
      922.5298426715152
    ],
    "Orlando": [
      3684.8928571428573,
      9298.369420672998,
      9298.369420672998
    ],
    "Philadelphia": [
      3453.3571428571427,
      2743.358055261887,
      2743.358055261887
    ],
    "Phoenix": [
      3771.8214285714284,
      10735.851508208143,
      10735.851508208143
    ],
    "Pittsburgh": [
      1409.75,
      681.8074504237884,
      681.8074504237884
    ],
    "Portland": [
      3272.0714285714284,
      3342.0189019047475,
      3342.0189019047475
    ],
    "Raleigh": [
      2714.75,
      5308.791602798493,
      5308.791602798493
    ],
    "Richmond": [
      1314.6785714285713,
      1056.1824072352113,
      1056.1824072352113
    ],
    "Riverside": [
      1197.7857142857142,
      2892.8067996993486,
      2892.8067996993486
    ],
    "Sacramento": [
      366.39285714285717,
      2279.5565603151563,
      2279.5565603151563
    ],
    "St. Louis": [
      1103.607142857143,
      880.3915029076244,
      880.3915029076244
    ],
    "Salt Lake City": [
      1964.8214285714287,
      1177.0281501494069,
      1177.0281501494069
    ],
    "San Antonio": [
      4656.821428571428,
      3849.3125355192105,
      3849.3125355192105
    ],
    "San Diego": [
      2413.8571428571427,
      5198.192616586465,
      5198.192616586465
    ],
    "San Francisco": [
      3187.8928571428573,
      5119.140399531083,
      5119.140399531083
    ],
    "San Jose": [
      2965.285714285714,
      2567.269161759173,
      2567.269161759173
    ],
    "Seattle": [
      7889.857142857143,
      7016.250965801878,
      7016.250965801878
    ],
    "Tampa": [
      2969.785714285714,
      5209.505270620754,
      5209.505270620754
    ],
    "Honolulu": [
      615.9642857142857,
      1080.7715319127662,
      1080.7715319127662
    ],
    "Washington D.C.": [
      10801.42857142857,
      9140.16545686934,
      9140.16545686934
    ],
    "Sioux Falls": [
      241.07142857142858,
      332.89349368144656,
      332.89349368144656
    ],
    "Ann Arbor": [
      180.28571428571428,
      405.55490161127767,
      405.55490161127767
    ],
    "": [
      "Source: RealPage, US Census Bureau",
      "Source: Hoyt Advisory Services",
      "Source: Hoyt Advisory Services"
    ]
  },
  "labels": [
    "2011-2017 New Supply Average (Units)",
    "units needed per year",
    "units needed per year"
  ]
}