{
  "sheet": "Metro Renter HHs",
  "data": {
    "Albuquerque": [
      118.48838343125004,
      118488.38343125004,
      135.23406790614882,
      135234.06790614882,
      "Source: Hoyt Advisory Services"
    ],
    "Atlanta": [
      801.225284125,
      801225.284125,
      1085.437858806642,
      1085437.858806642
    ],
    "Austin": [
      343.42900297500006,
      343429.00297500007,
      510.7230817557966,
      510723.0817557966
    ],
    "Baltimore": [
      346.3793218749999,
      346379.3218749999,
      380.72801778676825,
      380728.01778676827
    ],
    "Birmingham": [
      141.524818875,
      141524.818875,
      154.1158218279533,
      154115.8218279533
    ],
    "Boston": [
      774.9416215125,
      774941.6215125,
      904.6544951609866,
      904654.4951609866
    ],
    "Charleston": [
      119.08402380000001,
      119084.02380000001,
      146.9166458194123,
      146916.6458194123
    ],
    "Charlotte": [
      325.19596485625004,
      325195.96485625004,
      465.8671690356933,
      465867.1690356933
    ],
    "Chicago": [
      1299.2066306749998,
      1299206.630675,
      1389.799858029122,
      1389799.858029122
    ],
    "Cincinnati": [
      301.79603908125,
      301796.03908125,
      332.16500854859135,
      332165.00854859134
    ],
    "Cleveland": [
      298.81869924375013,
      298818.69924375013,
      309.09016591068297,
      309090.165910683
    ],
    "Columbus": [
      334.26378612499997,
      334263.786125,
      394.1077762460188,
      394107.77624601877
    ],
    "Dallas Fort Worth": [
      1087.3339863124997,
      1087333.9863124997,
      1480.5579838076258,
      1480557.9838076257
    ],
    "Denver": [
      417.3702018749999,
      417370.2018749999,
      504.5061593284702,
      504506.1593284702
    ],
    "Detroit": [
      470.57135580000005,
      470571.3558000001,
      494.86111335773245,
      494861.1133577324
    ],
    "Houston": [
      968.0497213125,
      968049.7213125,
      1307.2278798591483,
      1307227.8798591483
    ],
    "Indianapolis": [
      289.76119987500005,
      289761.19987500005,
      343.411181124908,
      343411.18112490803
    ],
    "Kansas City": [
      298.9539433,
      298953.9433,
      323.65329932141645,
      323653.2993214165
    ],
    "Las Vegas": [
      391.79510074999996,
      391795.10075,
      548.2151195993927,
      548215.1195993926
    ],
    "Little Rock": [
      101.63127375,
      101631.27375000001,
      113.24026631989854,
      113240.26631989854
    ],
    "Los Angeles": [
      2383.2993380000003,
      2383299.3380000005,
      2712.328929490503,
      2712328.929490503
    ],
    "Louisville": [
      169.68587693749998,
      169685.8769375,
      187.84566373134953,
      187845.66373134954
    ],
    "Memphis": [
      198.62640502500003,
      198626.40502500001,
      220.7198409537565,
      220719.8409537565
    ],
    "Miami": [
      974.75015325,
      974750.1532500001,
      1325.8536021066154,
      1325853.6021066154
    ],
    "Milwaukee": [
      269.853895625,
      269853.895625,
      282.5690989699025,
      282569.0989699025
    ],
    "Minneapolis": [
      434.5762387499999,
      434576.2387499999,
      539.8109599094953,
      539810.9599094953
    ],
    "Nashville": [
      254.87527830000002,
      254875.2783,
      311.9982046778346,
      311998.20467783464
    ],
    "New Orleans": [
      201.09601366875,
      201096.01366875,
      220.66025236700213,
      220660.25236700213
    ],
    "New York City": [
      3726.5390946625,
      3726539.0946624996,
      4151.326740846424,
      4151326.7408464244
    ],
    "Oklahoma City": [
      200.18037937499997,
      200180.37937499996,
      227.17191505972136,
      227171.91505972136
    ],
    "Orlando": [
      387.9049530125,
      387904.9530125,
      607.7725791151961,
      607772.5791151961
    ],
    "Philadelphia": [
      814.1686099062501,
      814168.6099062501,
      901.5227344969729,
      901522.7344969729
    ],
    "Phoenix": [
      659.5471423125002,
      659547.1423125003,
      910.3115180424252,
      910311.5180424252
    ],
    "Pittsburgh": [
      279.46406031250007,
      279464.06031250005,
      301.1862036293136,
      301186.20362931356
    ],
    "Portland": [
      363.75379548749993,
      363753.7954874999,
      436.8932592585568,
      436893.25925855676
    ],
    "Raleigh": [
      170.838661125,
      170838.66112499998,
      288.94790552415014,
      288947.9055241501
    ],
    "Richmond": [
      181.36009296875005,
      181360.09296875005,
      207.70061116430844,
      207700.61116430844
    ],
    "Riverside": [
      530.3723460000001,
      530372.3460000001,
      614.198128214275,
      614198.128214275
    ],
    "Sacramento": [
      331.43588031249993,
      331435.88031249994,
      392.93850387031,
      392938.50387031
    ],
    "St. Louis": [
      386.79322125,
      386793.22125,
      418.6053231051704,
      418605.3231051704
    ],
    "Salt Lake City": [
      126.23356200000002,
      126233.56200000002,
      154.25386297722426,
      154253.86297722426
    ],
    "San Antonio": [
      318.86069984999995,
      318860.69985,
      408.7785807674479,
      408778.58076744794
    ],
    "San Diego": [
      568.4455803124999,
      568445.5803124999,
      677.447329662694,
      677447.329662694
    ],
    "San Francisco": [
      773.8796320499999,
      773879.6320499999,
      922.8836836854629,
      922883.6836854629
    ],
    "San Jose": [
      342.57513015000006,
      342575.13015000004,
      412.45987899298814,
      412459.87899298815
    ],
    "Seattle": [
      640.65026081875,
      640650.26081875,
      799.978701175718,
      799978.701175718
    ],
    "Tampa": [
      462.66945243749996,
      462669.45243749995,
      590.8244577276769,
      590824.4577276768
    ],
    "Honolulu": [
      138.752949875,
      138752.94987500002,
      156.61817854876776,
      156618.17854876776
    ],
    "Washington D.C.": [
      821.7686298,
      821768.6298,
      987.0099648464982,
      987009.9648464982
    ],
    "Sioux Falls": [
      32.71072951834807,
      32710.729518348067,
      41.433679274984094,
      41433.6792749841
    ],
    "Ann Arbor": [
      58.14423742658107,
      58144.23742658107,
      65.78641510351012,
      65786.41510351012
    ]
  },
  "labels": [
    "2016 Renter HHs (000)",
    "2016 Renter HHs",
    "2030 Renter HHs (000)",
    "2030 Renter HHs",
    "Time Period: 2016-2030"
  ]
}