{
  "sheet": "Metro Economic Contribution",
  "data": {
    "Albuquerque": 1260191639.457165,
    "Atlanta": 15161642860.46683,
    "Austin": 7634747707.9214,
    "Baltimore": 7914788600.142579,
    "Birmingham": 1991154124.030252,
    "Boston": 17655176458.16986,
    "Charleston": 1418220958.8806689,
    "Charlotte": 5146374629.628245,
    "Chicago": 29757837476.57732,
    "Cincinnati": 4307236826.848204,
    "Columbus": 4667113905.363241,
    "Dallas Fort Worth": 25106285832.66472,
    "Denver": 10352083537.74694,
    "Detroit": 6971668618.530043,
    "Houston": 22601430234.027588,
    "Indianapolis": 3976251734.7029266,
    "Las Vegas": 4454419892.86134,
    "Los Angeles": 63093465295.66183,
    "Louisville": 2186196377.90778,
    "Miami": 18700286637.15578,
    "Minneapolis": 10524010175.55071,
    "Nashville": 4160267734.832636,
    "New Orleans": 2040068326.3707616,
    "New York City": 111514466427.9699,
    "Orlando": 5813992127.686414,
    "Philadelphia": 14047926787.724329,
    "Phoenix": 9935288670.93283,
    "Pittsburgh": 3699272524.535206,
    "Portland": 7136351345.158669,
    "Richmond": 2564367233.7483625,
    "Riverside": 5197330024.050048,
    "St. Louis": 4401604220.870251,
    "Salt Lake City": 2684010333.672699,
    "San Antonio": 4696842021.842802,
    "San Diego": 11899482146.07526,
    "San Francisco": 25346043072.65328,
    "Seattle": 15511604062.452478,
    "Tampa": 7169138178.39711,
    "Washington D.C.": 24903205482.943333,
    "Sioux Falls": 579125339.5599711
  },
  "labels": [
    "economic contribution",
    null,
    "Time Period: 2013"
  ]
}