{
  "sheet": "Metro % of Total HHs",
  "data": {
    "Albuquerque": 0.1127005,
    "Atlanta": 0.1776065,
    "Austin": 0.2384967,
    "Baltimore": 0.168764,
    "Birmingham": 0.1355731,
    "Boston": 0.1891563,
    "Charleston": 0.1460743,
    "Charlotte": 0.1465945,
    "Chicago": 0.1829319,
    "Cincinnati": 0.1560602,
    "Cleveland": 0.1673731,
    "Columbus": 0.1667984,
    "Dallas Fort Worth": 0.2369462,
    "Denver": 0.21157,
    "Detroit": 0.1351762,
    "Houston": 0.2320592,
    "Indianapolis": 0.1481913,
    "Kansas City": 0.1470162,
    "Las Vegas": 0.2021919,
    "Little Rock": 0.1476978,
    "Los Angeles": 0.2890279,
    "Louisville": 0.1288172,
    "Memphis": 0.1489316,
    "Miami": 0.2282612,
    "Milwaukee": 0.1857003,
    "Minneapolis": 0.1922119,
    "Nashville": 0.1670599,
    "New Orleans": 0.1250908,
    "New York City": 0.3083329,
    "Oklahoma City": 0.1333836,
    "Orlando": 0.1940678,
    "Philadelphia": 0.1408802,
    "Phoenix": 0.1602582,
    "Pittsburgh": 0.1209878,
    "Portland": 0.1919673,
    "Raleigh": 0.1538259,
    "Richmond": 0.1425221,
    "Riverside": 0.1212402,
    "Sacramento": 0.1628759,
    "St. Louis": 0.1104714,
    "Salt Lake City": 0.1562453,
    "San Antonio": 0.1799581,
    "San Diego": 0.2462676,
    "San Francisco": 0.2397056,
    "San Jose": 0.2258895,
    "Seattle": 0.2359048,
    "Tampa": 0.1523567,
    "Honolulu": 0.2219425,
    "Washington D.C.": 0.2430698,
    "Sioux Falls": 0.1953895,
    "Ann Arbor": 0.2278564
  },
  "labels": [
    "% apartment households of total households",
    null,
    "Time Period: 2017"
  ]
}