{
  "sheet": "Metro Apt Residents",
  "data": {
    "Albuquerque": [
      79406,
      0.08882907735488338,
      null,
      "Source: 2015 American Community Survey, 1-Year Estimates, US Census Bureau "
    ],
    "Atlanta": [
      823518,
      0.1464793953263511
    ],
    "Austin": [
      358721,
      0.18315735190499044
    ],
    "Baltimore": [
      337945,
      0.12383941204083555
    ],
    "Birmingham": [
      121600,
      0.1084743827397275
    ],
    "Boston": [
      624778,
      0.13560513207966518
    ],
    "Charleston": [
      75241,
      0.10346472977692948
    ],
    "Charlotte": [
      280786,
      0.1173799554535908
    ],
    "Chicago": [
      1263244,
      0.13448307102134482
    ],
    "Cincinnati": [
      239669,
      0.11350866225265929
    ],
    "Cleveland": [
      225460,
      0.11176607349910696
    ],
    "Columbus": [
      251068,
      0.1274476908012258
    ],
    "Dallas Fort Worth": [
      1234017,
      0.17579273381999044
    ],
    "Denver": [
      472817,
      0.17006576143235688
    ],
    "Detroit": [
      393832,
      0.09257171197916483
    ],
    "Houston": [
      1263650,
      0.19216357649772473
    ],
    "Indianapolis": [
      234723,
      0.12037860927352705
    ],
    "Kansas City": [
      199297,
      0.09689324372153445
    ],
    "Las Vegas": [
      346093,
      0.1653674159874966
    ],
    "Little Rock": [
      81496,
      0.11369276892449733
    ],
    "Los Angeles": [
      3133893,
      0.2388423872982117
    ],
    "Louisville": [
      129721,
      0.10341237479123569
    ],
    "Memphis": [
      137019,
      0.10391287696373792
    ],
    "Miami": [
      1109128,
      0.18710254786041972
    ],
    "Milwaukee": [
      197212,
      0.12764861226180613
    ],
    "Minneapolis": [
      472842,
      0.13660126489393543
    ],
    "Nashville": [
      237080,
      0.13197124109077227
    ],
    "New Orleans": [
      116547,
      0.09378945716596454
    ],
    "New York City": [
      5101314,
      0.25804207339345314
    ],
    "Oklahoma City": [
      124868,
      0.09426312114292185
    ],
    "Orlando": [
      404188,
      0.17238801164016154
    ],
    "Philadelphia": [
      533819,
      0.09034980615595738
    ],
    "Phoenix": [
      584170,
      0.12990946566484615
    ],
    "Pittsburgh": [
      177591,
      0.07756129006335366
    ],
    "Portland": [
      339132,
      0.14422004771442787
    ],
    "Raleigh": [
      153142,
      0.12271455735913131
    ],
    "Richmond": [
      152014,
      0.1229628071764839
    ],
    "Riverside": [
      426248,
      0.09705358726541669
    ],
    "Sacramento": [
      267308,
      0.11952319141068468
    ],
    "St. Louis": [
      209536,
      0.07604966805214187
    ],
    "Salt Lake City": [
      146828,
      0.12682481042529173
    ],
    "San Antonio": [
      306552,
      0.13071916606364112
    ],
    "San Diego": [
      688650,
      0.21429258242399404
    ],
    "San Francisco": [
      872339,
      0.19053413352781232
    ],
    "San Jose": [
      364324,
      0.1877843575574488
    ],
    "Seattle": [
      633885,
      0.17272183796297305
    ],
    "Tampa": [
      389338,
      0.13293308208371474
    ],
    "Honolulu": [
      162263,
      0.16877799956105632
    ],
    "Washington D.C.": [
      1163072,
      0.19412623399392254
    ],
    "Sioux Falls": [
      31165,
      0.12700657345108218
    ]
  },
  "labels": [
    "apartment residents",
    "% of Total Population",
    null,
    "Time Period: 2015"
  ]
}