{
  "sheet": "Metro Rentership Rate",
  "data": {
    "Albuquerque": [
      0.32425000000000015,
      0.3332988889509858,
      null,
      "Source: Hoyt Advisory Services"
    ],
    "Atlanta": [
      0.37549999999999994,
      0.392925009175746
    ],
    "Austin": [
      0.43300000000000005,
      0.4470149303797005
    ],
    "Baltimore": [
      0.3182499999999999,
      0.3249898769426208
    ],
    "Birmingham": [
      0.30825,
      0.30853156843720697
    ],
    "Boston": [
      0.4135,
      0.4349983998996618
    ],
    "Charleston": [
      0.392,
      0.39755865608106744
    ],
    "Charlotte": [
      0.34225000000000005,
      0.35041422240049536
    ],
    "Chicago": [
      0.35949999999999993,
      0.36326339353936676
    ],
    "Cincinnati": [
      0.35175,
      0.36059168645792083
    ],
    "Cleveland": [
      0.34425000000000017,
      0.35469152521426073
    ],
    "Columbus": [
      0.4135,
      0.4233580904861576
    ],
    "Dallas Fort Worth": [
      0.41374999999999995,
      0.4285825562928256
    ],
    "Denver": [
      0.37124999999999997,
      0.37215120107511335
    ],
    "Detroit": [
      0.273,
      0.27395205257821376
    ],
    "Houston": [
      0.40225,
      0.4182243196890385
    ],
    "Indianapolis": [
      0.36750000000000005,
      0.3701648714718624
    ],
    "Kansas City": [
      0.35575,
      0.3521182682741829
    ],
    "Las Vegas": [
      0.485,
      0.4901280565991921
    ],
    "Little Rock": [
      0.3375,
      0.34178549489779386
    ],
    "Los Angeles": [
      0.52675,
      0.5288050655067011
    ],
    "Louisville": [
      0.3245,
      0.3238490628107453
    ],
    "Memphis": [
      0.389,
      0.38807226684691565
    ],
    "Miami": [
      0.41500000000000004,
      0.4368435341305995
    ],
    "Milwaukee": [
      0.42100000000000004,
      0.4166957219585823
    ],
    "Minneapolis": [
      0.31099999999999994,
      0.3278089674015662
    ],
    "Nashville": [
      0.348,
      0.35091448620209276
    ],
    "New Orleans": [
      0.39225,
      0.39144591385116434
    ],
    "New York City": [
      0.49549999999999994,
      0.5142788381724437
    ],
    "Oklahoma City": [
      0.367,
      0.3677654786014446
    ],
    "Orlando": [
      0.4205,
      0.4252826019362579
    ],
    "Philadelphia": [
      0.34675,
      0.3616995610834093
    ],
    "Phoenix": [
      0.3802500000000001,
      0.3894755342636945
    ],
    "Pittsburgh": [
      0.27125,
      0.2851767996002258
    ],
    "Portland": [
      0.37949999999999995,
      0.37211234873164567
    ],
    "Raleigh": [
      0.345,
      0.37097694960332206
    ],
    "Richmond": [
      0.3597500000000001,
      0.36575302590807446
    ],
    "Riverside": [
      0.3752500000000001,
      0.3728959191555832
    ],
    "Sacramento": [
      0.39249999999999996,
      0.3936272705859546
    ],
    "St. Louis": [
      0.33375,
      0.33970067332160336
    ],
    "Salt Lake City": [
      0.31200000000000006,
      0.3197634919978656
    ],
    "San Antonio": [
      0.36049999999999993,
      0.36785709640399367
    ],
    "San Diego": [
      0.47975,
      0.4884830305829023
    ],
    "San Francisco": [
      0.43799999999999994,
      0.4544952846624257
    ],
    "San Jose": [
      0.5115000000000001,
      0.543063182231724
    ],
    "Seattle": [
      0.42574999999999996,
      0.4325028160538459
    ],
    "Tampa": [
      0.36575,
      0.3684616996971075
    ],
    "Honolulu": [
      0.41900000000000004,
      0.43483336925518046
    ],
    "Washington D.C.": [
      0.358,
      0.37134444995365923
    ],
    "Sioux Falls": [
      0.32568502055658455,
      0.3463879338630781
    ]
  },
  "labels": [
    "2016 Rentership Rate",
    "2030 Rentership Rate",
    null,
    "Time Period: 2016-2030"
  ]
}