{
  "sheet": "Metro Housing Costs",
  "data": {
    "Albuquerque": 0.54790793,
    "Atlanta": 0.50427469,
    "Austin": 0.49359213,
    "Baltimore": 0.47120005,
    "Birmingham": 0.46671866,
    "Boston": 0.51451522,
    "Charleston": 0.41179394,
    "Charlotte": 0.48798153,
    "Chicago": 0.51498781,
    "Cincinnati": 0.44741056,
    "Cleveland": 0.49882774,
    "Columbus": 0.44436604,
    "Dallas Fort Worth": 0.48300677,
    "Denver": 0.49061765,
    "Detroit": 0.50210917,
    "Houston": 0.56271869,
    "Indianapolis": 0.49706597,
    "Kansas City": 0.48256942,
    "Las Vegas": 0.41995322,
    "Little Rock": 0.57145161,
    "Los Angeles": 0.52510186,
    "Louisville": 0.58354595,
    "Memphis": 0.46226846,
    "Miami": 0.53207433,
    "Milwaukee": 0.62012172,
    "Minneapolis": 0.5007825,
    "Nashville": 0.49939572,
    "New Orleans": 0.49161272,
    "New York City": 0.54936709,
    "Oklahoma City": 0.52591975,
    "Orlando": 0.47479643,
    "Philadelphia": 0.58248163,
    "Phoenix": 0.50901165,
    "Pittsburgh": 0.52221281,
    "Portland": 0.47051788,
    "Raleigh": 0.50490266,
    "Richmond": 0.41307285,
    "Riverside": 0.48187488,
    "Sacramento": 0.60816181,
    "St. Louis": 0.59266262,
    "Salt Lake City": 0.4775666,
    "San Antonio": 0.4686416,
    "San Diego": 0.54291181,
    "San Francisco": 0.49007919,
    "San Jose": 0.50293404,
    "Seattle": 0.46434541,
    "Tampa": 0.46778354,
    "Honolulu": 0.53229982,
    "Washington D.C.": 0.48255508
  },
  "labels": [
    "% of Apartment Households Paying over 30% of income on housing costs",
    null,
    "Time Period: 2015"
  ]
}