{
  "sheet": "Metro Building Current",
  "data": {
    "2017": [
      388.64285714285717,
      5907.464285714285,
      6245.5,
      2694.9285714285716,
      788.2142857142857,
      4583.75,
      1420.142857142857,
      4548.142857142857,
      4706.178571428572,
      1100.642857142857,
      659.2857142857143,
      2867.035714285714,
      13092.142857142857,
      5027.571428571428,
      697.6071428571429,
      615.9642857142857,
      12027.964285714286,
      2303.6785714285716,
      2218.714285714286,
      1490.1785714285713,
      951.3928571428571,
      5807.535714285715,
      984.2857142857143,
      792.7142857142857,
      6577.071428571428,
      1306.2857142857142,
      2982.5,
      3446.535714285714,
      767.9285714285714,
      15909.57142857143,
      1709.7857142857142,
      3684.8928571428573,
      3453.3571428571427,
      3771.8214285714284,
      1409.75,
      3272.0714285714284,
      2714.75,
      1314.6785714285713,
      1197.7857142857142,
      366.39285714285717,
      1964.8214285714287,
      4656.821428571428,
      2413.8571428571427,
      3187.8928571428573,
      2965.285714285714,
      7889.857142857143,
      241.07142857142858,
      1103.607142857143,
      2969.785714285714,
      10801.42857142857,
      180.28571428571428
    ],
    "2018": [
      777.2857142857143,
      11814.92857142857,
      12491,
      5389.857142857143,
      1576.4285714285713,
      9167.5,
      2840.285714285714,
      9096.285714285714,
      9412.357142857143,
      2201.285714285714,
      1318.5714285714287,
      5734.071428571428,
      26184.285714285714,
      10055.142857142857,
      1395.2142857142858,
      1231.9285714285713,
      24055.928571428572,
      4607.357142857143,
      4437.428571428572,
      2980.3571428571427,
      1902.7857142857142,
      11615.07142857143,
      1968.5714285714287,
      1585.4285714285713,
      13154.142857142857,
      2612.5714285714284,
      5965,
      6893.071428571428,
      1535.857142857143,
      31819.14285714286,
      3419.5714285714284,
      7369.785714285715,
      6906.714285714285,
      7543.642857142857,
      2819.5,
      6544.142857142857,
      5429.5,
      2629.3571428571427,
      2395.5714285714284,
      732.7857142857143,
      3929.6428571428573,
      9313.642857142857,
      4827.714285714285,
      6375.785714285715,
      5930.571428571428,
      15779.714285714286,
      482.14285714285717,
      2207.214285714286,
      5939.571428571428,
      21602.85714285714,
      360.57142857142856
    ],
    "2019": [
      1165.9285714285716,
      17722.392857142855,
      18736.5,
      8084.785714285715,
      2364.642857142857,
      13751.25,
      4260.428571428572,
      13644.42857142857,
      14118.535714285714,
      3301.9285714285716,
      1977.8571428571431,
      8601.107142857143,
      39276.42857142857,
      15082.714285714286,
      2092.8214285714284,
      1847.8928571428569,
      36083.892857142855,
      6911.035714285715,
      6656.142857142857,
      4470.535714285714,
      2854.1785714285716,
      17422.607142857145,
      2952.857142857143,
      2378.142857142857,
      19731.214285714286,
      3918.8571428571427,
      8947.5,
      10339.607142857143,
      2303.785714285714,
      47728.71428571429,
      5129.357142857143,
      11054.678571428572,
      10360.071428571428,
      11315.464285714286,
      4229.25,
      9816.214285714286,
      8144.25,
      3944.0357142857138,
      3593.3571428571427,
      1099.1785714285716,
      5894.464285714286,
      13970.464285714286,
      7241.5714285714275,
      9563.678571428572,
      8895.857142857143,
      23669.571428571428,
      723.2142857142858,
      3310.8214285714284,
      8909.357142857143,
      32404.28571428571,
      540.8571428571429
    ],
    "2020": [
      1554.5714285714287,
      23629.85714285714,
      24982,
      10779.714285714286,
      3152.8571428571427,
      18335,
      5680.571428571428,
      18192.571428571428,
      18824.714285714286,
      4402.571428571428,
      2637.1428571428573,
      11468.142857142857,
      52368.57142857143,
      20110.285714285714,
      2790.4285714285716,
      2463.8571428571427,
      48111.857142857145,
      9214.714285714286,
      8874.857142857143,
      5960.714285714285,
      3805.5714285714284,
      23230.14285714286,
      3937.1428571428573,
      3170.8571428571427,
      26308.285714285714,
      5225.142857142857,
      11930,
      13786.142857142857,
      3071.714285714286,
      63638.28571428572,
      6839.142857142857,
      14739.57142857143,
      13813.42857142857,
      15087.285714285714,
      5639,
      13088.285714285714,
      10859,
      5258.714285714285,
      4791.142857142857,
      1465.5714285714287,
      7859.285714285715,
      18627.285714285714,
      9655.42857142857,
      12751.57142857143,
      11861.142857142857,
      31559.428571428572,
      964.2857142857143,
      4414.428571428572,
      11879.142857142857,
      43205.71428571428,
      721.1428571428571
    ],
    "2021": [
      1943.2142857142858,
      29537.321428571428,
      31227.5,
      13474.642857142859,
      3941.0714285714284,
      22918.75,
      7100.714285714285,
      22740.714285714283,
      23530.89285714286,
      5503.214285714285,
      3296.4285714285716,
      14335.17857142857,
      65460.71428571428,
      25137.85714285714,
      3488.0357142857147,
      3079.8214285714284,
      60139.821428571435,
      11518.392857142859,
      11093.57142857143,
      7450.892857142857,
      4756.964285714285,
      29037.678571428572,
      4921.428571428572,
      3963.5714285714284,
      32885.357142857145,
      6531.428571428571,
      14912.5,
      17232.678571428572,
      3839.6428571428573,
      79547.85714285714,
      8548.92857142857,
      18424.464285714286,
      17266.785714285714,
      18859.10714285714,
      7048.75,
      16360.357142857141,
      13573.75,
      6573.392857142857,
      5988.928571428571,
      1831.9642857142858,
      9824.107142857143,
      23284.10714285714,
      12069.285714285714,
      15939.464285714286,
      14826.42857142857,
      39449.28571428572,
      1205.357142857143,
      5518.035714285715,
      14848.92857142857,
      54007.142857142855,
      901.4285714285713
    ],
    "2022": [
      2331.857142857143,
      35444.78571428571,
      37473,
      16169.571428571431,
      4729.285714285714,
      27502.5,
      8520.857142857143,
      27288.857142857138,
      28237.07142857143,
      6603.857142857142,
      3955.714285714286,
      17202.214285714286,
      78552.85714285714,
      30165.42857142857,
      4185.642857142858,
      3695.785714285714,
      72167.78571428572,
      13822.071428571431,
      13312.285714285716,
      8941.071428571428,
      5708.357142857142,
      34845.21428571429,
      5905.714285714286,
      4756.285714285714,
      39462.42857142857,
      7837.714285714284,
      17895,
      20679.214285714286,
      4607.571428571428,
      95457.42857142858,
      10258.714285714284,
      22109.357142857145,
      20720.142857142855,
      22630.92857142857,
      8458.5,
      19632.42857142857,
      16288.5,
      7888.071428571428,
      7186.714285714284,
      2198.357142857143,
      11788.928571428572,
      27940.92857142857,
      14483.142857142857,
      19127.357142857145,
      17791.714285714286,
      47339.14285714286,
      1446.4285714285716,
      6621.642857142858,
      17818.714285714286,
      64808.57142857143,
      1081.7142857142856
    ],