{
  "sheet": "Metro Burden",
  "data": {
    "Albuquerque": 0.4416428978893326,
    "Atlanta": 0.4029239249376406,
    "Austin": 0.3827833690245688,
    "Baltimore": 0.40706312484878177,
    "Birmingham": 0.4161358466038349,
    "Boston": 0.39972609265213765,
    "Charleston": 0.40213982660025827,
    "Charlotte": 0.394820425938962,
    "Chicago": 0.41891406059478525,
    "Cincinnati": 0.3713772410727515,
    "Cleveland": 0.3868894972946811,
    "Columbus": 0.37376612073193477,
    "Dallas Fort Worth": 0.3786212245034107,
    "Denver": 0.3818867667870867,
    "Detroit": 0.4291527450426139,
    "Houston": 0.39396312917411425,
    "Indianapolis": 0.4032813872249593,
    "Kansas City": 0.34205431799203917,
    "Las Vegas": 0.42379965000514697,
    "Little Rock": 0.4119781457229845,
    "Los Angeles": 0.48610477828362614,
    "Louisville": 0.37245604142102834,
    "Memphis": 0.41750132077133045,
    "Miami": 0.5420237330907306,
    "Milwaukee": 0.40205766387382946,
    "Minneapolis": 0.379635080908381,
    "Nashville": 0.3696509275405419,
    "New Orleans": 0.4722204602725192,
    "New York City": 0.4477087101594185,
    "Oklahoma City": 0.366974287816169,
    "Orlando": 0.4645604030270324,
    "Philadelphia": 0.4369931797041525,
    "Phoenix": 0.3964040546067241,
    "Pittsburgh": 0.368267229334778,
    "Portland": 0.40808587125890877,
    "Raleigh": 0.3509801951599332,
    "Richmond": 0.4057731245987456,
    "Riverside": 0.49525817071386924,
    "Sacramento": 0.45429803971325255,
    "St. Louis": 0.39117609531737013,
    "Salt Lake City": 0.3621104114853231,
    "San Antonio": 0.3794321080062098,
    "San Diego": 0.4641195771912634,
    "San Francisco": 0.389691615544098,
    "San Jose": 0.39027745258721613,
    "Seattle": 0.36770596188947546,
    "Tampa": 0.4340925187311291,
    "Honolulu": 0.4992625755205019,
    "Washington D.C.": 0.3843633737975322,
    "Sioux Falls": 0.31165019062721416,
    "Ann Arbor": 0.39
  },
  "labels": [
    "% Households Spending 35% or More Income on Rent",
    null,
    "Time Period: 2016"
  ]
}