{
  "sheet": "Metro Apt Residents",
  "data": {
    "Albuquerque": [
      78547,
      0.08712632968398168,
      null,
      "Source: 2017 American Community Survey, 1-Year Estimates, US Census Bureau "
    ],
    "Atlanta": [
      796390,
      0.13744511791020048
    ],
    "Austin": [
      371066,
      0.17895445526982592
    ],
    "Baltimore": [
      330284,
      0.12053742662206968
    ],
    "Birmingham": [
      106530,
      0.09470916028634119
    ],
    "Boston": [
      646101,
      0.13836718409188886
    ],
    "Charleston": [
      89780,
      0.11842077494512916
    ],
    "Charlotte": [
      287774,
      0.11547843813139166
    ],
    "Chicago": [
      1216535,
      0.1297752919860062
    ],
    "Cincinnati": [
      235559,
      0.11054571973753492
    ],
    "Cleveland": [
      228898,
      0.11362397630802741
    ],
    "Columbus": [
      256445,
      0.12658530890724812
    ],
    "Dallas Fort Worth": [
      1291330,
      0.17653122895170664
    ],
    "Denver": [
      469595,
      0.16461791830433326
    ],
    "Detroit": [
      390150,
      0.09150260576624725
    ],
    "Houston": [
      1217461,
      0.17872010287561416
    ],
    "Indianapolis": [
      212053,
      0.10657338130617262
    ],
    "Kansas City": [
      210397,
      0.10034376815299018
    ],
    "Las Vegas": [
      348082,
      0.15963058810472786
    ],
    "Little Rock": [
      82012,
      0.11320259886179018
    ],
    "Los Angeles": [
      3108795,
      0.23666150529383284
    ],
    "Louisville": [
      110910,
      0.08753334490868625
    ],
    "Memphis": [
      145824,
      0.11022280541166884
    ],
    "Miami": [
      1141986,
      0.18803348156656532
    ],
    "Milwaukee": [
      202252,
      0.1308430804264569
    ],
    "Minneapolis": [
      466064,
      0.13170679875477867
    ],
    "Nashville": [
      263282,
      0.1409528378000003
    ],
    "New Orleans": [
      111549,
      0.08900074919276275
    ],
    "New York City": [
      5102464,
      0.2562549628562026
    ],
    "Oklahoma City": [
      126980,
      0.09399290722919303
    ],
    "Orlando": [
      410344,
      0.1661897105458198
    ],
    "Philadelphia": [
      574106,
      0.09669669942799472
    ],
    "Phoenix": [
      564043,
      0.12108752350453818
    ],
    "Pittsburgh": [
      177004,
      0.07800612047751007
    ],
    "Portland": [
      345179,
      0.14311259815749977
    ],
    "Raleigh": [
      154426,
      0.11770292332762702
    ],
    "Richmond": [
      137924,
      0.10875554525225477
    ],
    "Riverside": [
      433370,
      0.0966554972103123
    ],
    "Sacramento": [
      301245,
      0.13169450913308384
    ],
    "St. Louis": [
      212395,
      0.07723350631282415
    ],
    "Salt Lake City": [
      140580,
      0.1182089552238806
    ],
    "San Antonio": [
      304505,
      0.12506982437116992
    ],
    "San Diego": [
      668956,
      0.20594002102635067
    ],
    "San Francisco": [
      869527,
      0.18717006783977794
    ],
    "San Jose": [
      348850,
      0.17774790827117548
    ],
    "Seattle": [
      679662,
      0.1787914683527721
    ],
    "Tampa": [
      378708,
      0.12449350589581162
    ],
    "Honolulu": [
      147303,
      0.15486929423935808
    ],
    "Washington D.C.": [
      1168483,
      0.19130780309793807
    ],
    "Sioux Falls": [
      37520,
      0.14868297476906983
    ],
    "Ann Arbor": [
      60430,
      0.17380475079740804
    ]
  },
  "labels": [
    "apartment residents",
    "% of Total Population",
    null,
    "Time Period: 2017"
  ]
}