{
  "sheet": "Metro Apt Residents",
  "data": {
    "Albuquerque": [
      79709,
      0.08835125467892878,
      null,
      "Source: 2016 American Community Survey, 1-Year Estimates, US Census Bureau "
    ],
    "Atlanta": [
      808726,
      0.14182109476683483
    ],
    "Austin": [
      363729,
      0.18065950112747972
    ],
    "Baltimore": [
      331127,
      0.12126564495904185
    ],
    "Birmingham": [
      106590,
      0.09495996785668787
    ],
    "Boston": [
      649408,
      0.14035293985429756
    ],
    "Charleston": [
      77304,
      0.10391551688909441
    ],
    "Charlotte": [
      287376,
      0.11778346934484543
    ],
    "Chicago": [
      1211158,
      0.12950679105538115
    ],
    "Cincinnati": [
      232476,
      0.10996415980837299
    ],
    "Cleveland": [
      231056,
      0.11488436037102136
    ],
    "Columbus": [
      251350,
      0.12633338644345005
    ],
    "Dallas Fort Worth": [
      1270486,
      0.17771567724127396
    ],
    "Denver": [
      468669,
      0.16622810331013363
    ],
    "Detroit": [
      391455,
      0.09212153816176284
    ],
    "Houston": [
      1228904,
      0.183652705778832
    ],
    "Indianapolis": [
      228036,
      0.11613798273687899
    ],
    "Kansas City": [
      197514,
      0.09523988624100589
    ],
    "Las Vegas": [
      335416,
      0.15729344379302032
    ],
    "Little Rock": [
      77617,
      0.10778117991765433
    ],
    "Los Angeles": [
      3166342,
      0.24184866690166584
    ],
    "Louisville": [
      122868,
      0.0977491163294677
    ],
    "Memphis": [
      153546,
      0.11617434095541604
    ],
    "Miami": [
      1163469,
      0.19456423056617778
    ],
    "Milwaukee": [
      204722,
      0.132786762965101
    ],
    "Minneapolis": [
      479330,
      0.13740187116277763
    ],
    "Nashville": [
      231877,
      0.12665745728095892
    ],
    "New Orleans": [
      117522,
      0.09446665669928572
    ],
    "New York City": [
      5062132,
      0.2564112019293452
    ],
    "Oklahoma City": [
      133754,
      0.09998923512578456
    ],
    "Orlando": [
      372336,
      0.15513230802306052
    ],
    "Philadelphia": [
      558176,
      0.09443370416482046
    ],
    "Phoenix": [
      587556,
      0.12822588301021673
    ],
    "Pittsburgh": [
      174196,
      0.07646175003105507
    ],
    "Portland": [
      335677,
      0.14062155046196317
    ],
    "Raleigh": [
      168719,
      0.13206408496235775
    ],
    "Richmond": [
      137377,
      0.11015018694189045
    ],
    "Riverside": [
      428808,
      0.09665184684303947
    ],
    "Sacramento": [
      289484,
      0.12818424836262693
    ],
    "St. Louis": [
      223741,
      0.08132727083052387
    ],
    "Salt Lake City": [
      143582,
      0.12240997135452189
    ],
    "San Antonio": [
      305470,
      0.12779877518678026
    ],
    "San Diego": [
      687716,
      0.21305355614885457
    ],
    "San Francisco": [
      866012,
      0.1883225951798782
    ],
    "San Jose": [
      369695,
      0.19035445436477288
    ],
    "Seattle": [
      667668,
      0.17890200298389725
    ],
    "Tampa": [
      391048,
      0.13097754529977282
    ],
    "Honolulu": [
      162045,
      0.16955989452536413
    ],
    "Washington D.C.": [
      1168065,
      0.19382875618147402
    ],
    "Sioux Falls": [
      33389,
      0.13383759429840383
    ],
    "Ann Arbor": [
      61945,
      0.18024401102210533
    ]
  },
  "labels": [
    "apartment residents",
    "% of Total Population",
    null,
    "Time Period: 2016"
  ]
}