{
  "sheet": "Metros Units Needed",
  "data": {
    "Albuquerque": [
      8896.68069310331,
      0.14132764740279583,
      null,
      "Source: Hoyt Advisory Services"
    ],
    "Atlanta": [
      170095.17276884953,
      0.35472242365893936
    ],
    "Austin": [
      114076.22960496342,
      0.48712856902471835
    ],
    "Baltimore": [
      22964.765531416342,
      0.09916497245226517
    ],
    "Birmingham": [
      5282.8246126994345,
      0.08896674839820323
    ],
    "Boston": [
      66109.31432568678,
      0.16738405842148266
    ],
    "Charleston": [
      13387.796094607584,
      0.23372255262516925
    ],
    "Charlotte": [
      71522.5645233113,
      0.4325736459910428
    ],
    "Chicago": [
      47826.14780832478,
      0.06972965286288106
    ],
    "Cincinnati": [
      15311.980579324125,
      0.10062746204288232
    ],
    "Cleveland": [
      5150.9532775533735,
      0.03437357398625814
    ],
    "Columbus": [
      33047.50243405404,
      0.17903222725611154
    ],
    "Dallas Fort Worth": [
      266295.57092695206,
      0.3616404917395036
    ],
    "Denver": [
      55800.5238440457,
      0.20877378658567045
    ],
    "Detroit": [
      15467.27708900621,
      0.05161758627751082
    ],
    "Houston": [
      214176.42916373012,
      0.3503726627665201
    ],
    "Indianapolis": [
      30900.900365808076,
      0.18515239884791873
    ],
    "Kansas City": [
      14007.120033347426,
      0.08261926820156085
    ],
    "Las Vegas": [
      87280.08558396317,
      0.3992393436006777
    ],
    "Little Rock": [
      5827.244636368057,
      0.11422657752430643
    ],
    "Los Angeles": [
      164201.11696824362,
      0.13805634325674354
    ],
    "Louisville": [
      9294.846170574194,
      0.10702002501090964
    ],
    "Memphis": [
      11719.069047131998,
      0.1112311121271912
    ],
    "Miami": [
      185413.8702191306,
      0.36019840334055914
    ],
    "Milwaukee": [
      5250.733034261662,
      0.04711884301485887
    ],
    "Minneapolis": [
      70782.97095235944,
      0.2421547976534325
    ],
    "Nashville": [
      29941.65935190514,
      0.22412109467360256
    ],
    "New Orleans": [
      6965.670545837274,
      0.09728804833734145
    ],
    "New York City": [
      278633.69499478117,
      0.11398985369356406
    ],
    "Oklahoma City": [
      12915.417797401213,
      0.13483607019326432
    ],
    "Orlando": [
      130177.17188942197,
      0.566807988387847
    ],
    "Philadelphia": [
      38407.012773666414,
      0.10729242509212394
    ],
    "Phoenix": [
      150301.921114914,
      0.380206902042965
    ],
    "Pittsburgh": [
      9545.304305933038,
      0.07772785986335166
    ],
    "Portland": [
      46788.26462666647,
      0.20106859276350916
    ],
    "Raleigh": [
      74323.0824391789,
      0.6913496255553722
    ],
    "Richmond": [
      14786.553701292956,
      0.1452387775302726
    ],
    "Riverside": [
      40499.29519579088,
      0.1580508162736592
    ],
    "Sacramento": [
      31913.79184441219,
      0.18556416854995228
    ],
    "St. Louis": [
      12325.481040706742,
      0.0822457584762273
    ],
    "Salt Lake City": [
      16478.394102091697,
      0.2219718792156433
    ],
    "San Antonio": [
      53890.37549726895,
      0.28199737678474446
    ],
    "San Diego": [
      72774.69663221051,
      0.19175406252656774
    ],
    "San Francisco": [
      71667.96559343516,
      0.19254163756804546
    ],
    "San Jose": [
      35941.76826462842,
      0.20399831363236473
    ],
    "Seattle": [
      98227.5135212263,
      0.24869800279694806
    ],
    "Tampa": [
      72933.07378869056,
      0.2769904185699165
    ],
    "Honolulu": [
      15130.801446778729,
      0.12875566746409597
    ],
    "Washington D.C.": [
      127962.31639617076,
      0.20108012043087464
    ],
    "Sioux Falls": [
      4660.508911540252,
      0.266669373782789
    ],
    "Ann Arbor": [
      5677.768622557887,
      0.11975130497032221
    ]
  },
  "labels": [
    "5+ units needed by 2030",
    "5+ units needed by 2030 (% increase)",
    null,
    "Time Period: 2016-2030"
  ]
}