{
  "sheet": "Metro % of Total HHs",
  "data": {
    "Albuquerque": 0.12267091581567378,
    "Atlanta": 0.1844795273216282,
    "Austin": 0.24037475579349574,
    "Baltimore": 0.16965168179187018,
    "Birmingham": 0.12370261745716443,
    "Boston": 0.1939993423055573,
    "Charleston": 0.13987583605347959,
    "Charlotte": 0.14897532076039033,
    "Chicago": 0.1853770511522539,
    "Cincinnati": 0.15333938686589443,
    "Cleveland": 0.16404267257671837,
    "Columbus": 0.1680552936513129,
    "Dallas Fort Worth": 0.23278513259750558,
    "Denver": 0.2176990777512411,
    "Detroit": 0.13787955089744175,
    "Houston": 0.2346802752462669,
    "Indianapolis": 0.15483377763838796,
    "Kansas City": 0.14255500759886794,
    "Las Vegas": 0.2063427332116972,
    "Little Rock": 0.1437958713987005,
    "Los Angeles": 0.29484506802630916,
    "Louisville": 0.13706317117253555,
    "Memphis": 0.15490703582268855,
    "Miami": 0.2323234633480187,
    "Milwaukee": 0.19118736508666387,
    "Minneapolis": 0.19500365663031063,
    "Nashville": 0.16472339720956033,
    "New Orleans": 0.13354590252184356,
    "New York City": 0.30764774044032445,
    "Oklahoma City": 0.13519208249619125,
    "Orlando": 0.18953741416151026,
    "Philadelphia": 0.14042780839331137,
    "Phoenix": 0.16772231707250695,
    "Pittsburgh": 0.1151898258350884,
    "Portland": 0.19019257775503762,
    "Raleigh": 0.1731314864412454,
    "Richmond": 0.148524165240913,
    "Riverside": 0.12377866108693508,
    "Sacramento": 0.1626351753331489,
    "St. Louis": 0.11802190734382888,
    "Salt Lake City": 0.1676796530747954,
    "San Antonio": 0.17836310196699073,
    "San Diego": 0.24856469842458995,
    "San Francisco": 0.2459821927306194,
    "San Jose": 0.23680077637089467,
    "Seattle": 0.2351603238628723,
    "Tampa": 0.15986472481317843,
    "Honolulu": 0.22565975243313527,
    "Washington D.C.": 0.2436315075330572,
    "Sioux Falls": 0.1986228813559322,
    "Ann Arbor, MI Metro Area": 0.2444620535554937
  },
  "labels": [
    "% apartment households of total households",
    null,
    "Time Period: 2016"
  ]
}