{
  "sheet": "Metro Building Needed",
  "data": {
    "2017": [
      203.57179652315972,
      11937.452063049248,
      7879.772673477564,
      2745.8502871040255,
      381.43075964343006,
      6560.006545409793,
      1134.7609158650957,
      4475.678880625608,
      6422.6725496473955,
      1703.7606338932237,
      532.1014480422309,
      3039.6387234323192,
      19532.3538932628,
      5036.089639454265,
      3054.980538593605,
      968.4040878028609,
      15927.73434609489,
      2697.592483222019,
      1574.3626843135862,
      6421.132454031438,
      561.9811674109369,
      15320.218666105531,
      888.5673629141675,
      1211.8639598763693,
      14394.858312120836,
      747.8743085370661,
      5909.4031456520315,
      3298.014463473228,
      883.9718308009469,
      28526.305018308572,
      1201.070081849437,
      9176.619465902273,
      4506.13598640525,
      10692.26963724877,
      1427.497617328656,
      5965.09309351127,
      4352.265458497204,
      1249.1288469540887,
      3444.088865365222,
      2716.6648516427376,
      1665.3694495335221,
      4095.521527596138,
      6189.210856892867,
      6287.290354148077,
      2869.701931185351,
      11060.843984979321,
      384.26651428969126,
      1522.961845973623,
      6066.967965197691,
      10514.081358881434,
      -23
    ],
    "2018": [
      699.4972334430931,
      25841.17203333485,
      15960.833123268909,
      5215.800957962172,
      801.3077245045934,
      12913.727315634256,
      2259.2152541950127,
      9802.961472465278,
      12600.804950351478,
      3375.61923424984,
      1128.1301469939353,
      6080.3960336427845,
      39466.89870756911,
      9828.273669841059,
      5680.727256960818,
      2334.665740919634,
      32113.198915479355,
      5427.365618763142,
      3141.267745014804,
      12888.117918805685,
      1136.1230877376292,
      30559.195113941794,
      1771.628000510842,
      2445.6377213782544,
      29149.731943805178,
      1470.2782295769284,
      11886.864783824189,
      6039.260994489829,
      1744.6220350578806,
      56044.72791551985,
      2394.192611964201,
      18800.58457578707,
      8911.677890656982,
      21495.820227094635,
      2911.5188308198703,
      10793.082174859766,
      9473.643847505038,
      2561.6197347877314,
      7077.812480587396,
      5482.267013411532,
      3190.250514005136,
      8260.474177448225,
      12510.03582748986,
      12683.82072046696,
      5865.705099450075,
      20664.131308928365,
      770.3029035927902,
      3065.7462668498047,
      12229.659459553717,
      21463.53148918599,
      502.8360514514934
    ],
    "2019": [
      738.4258172492919,
      35409.62051269057,
      21359.409194086882,
      5050.353343758703,
      591.3985883044588,
      14749.655067638552,
      2728.961471111208,
      13293.48305216714,
      11266.030326624983,
      3380.8579901577323,
      1700.0915480885888,
      7090.603760227241,
      51004.18828439468,
      11552.122837400995,
      4897.2540435297415,
      2439.7675332476356,
      41263.025936661405,
      6328.531589245627,
      2833.44234717128,
      16914.5668587056,
      1140.5091702043646,
      32983.798360534245,
      1693.272192195509,
      2479.379511645471,
      38133.31861716084,
      973.1294968432485,
      14734.054171109747,
      7057.007659582596,
      1679.791074479188,
      56200.24546305789,
      2516.705348318821,
      25929.89624132469,
      9180.923564197263,
      27869.16184855788,
      2906.6603517567855,
      12098.641328972677,
      13441.173723088097,
      2809.4113258704165,
      7993.719816695782,
      6433.205806686368,
      3788.186469707347,
      10259.208541111031,
      14790.920262857922,
      14902.960102322744,
      6931.74481791383,
      24753.199870042037,
      956.4840459520346,
      2994.160431848868,
      15448.393220780883,
      25750.537397864624,
      1011.4643842463702
    ],
    "2020": [
      1124.966787217054,
      47522.822022955865,
      28110.491607204633,
      6218.263946530322,
      737.675876950445,
      18783.948852590518,
      3526.4446464911452,
      17881.038989583496,
      13326.995191787952,
      4183.417427598237,
      2107.1570817196916,
      9077.091671939386,
      66802.56690854847,
      14745.975830656476,
      5666.668573661358,
      3127.6683001551573,
      53852.61938039353,
      8243.251461849199,
      3399.3020379854424,
      22366.41425485513,
      1440.9337248349548,
      42660.51290958887,
      2118.651790627904,
      3107.299368359585,
      50262.00641249149,
      1085.1318235337967,
      19128.373054624826,
      8770.835526955227,
      1931.0337086703657,
      70527.47970258724,
      3158.0722560855647,
      34492.780388627114,
      11230.209057120956,
      36858.96316997195,
      3366.6617399300303,
      14497.260674970661,
      18193.76751328347,
      3680.909849336851,
      10461.063685815898,
      8414.267011821328,
      4807.819265860977,
      13348.582088945986,
      19303.672743477277,
      19418.663230576494,
      9181.85894050909,
      30887.014355127758,
      1241.9901004005842,
      3687.706671024789,
      20188.525489918015,
      33820.663922799635,
      1482.318217625303
    ],
    "2021": [
      2549.9888518123043,
      66823.10470039444,
      39263.86774373354,
      11002.918421807553,
      1847.2470536231485,
      28962.37776729098,
      5278.977933165261,
      25424.083624323044,
      25928.67413133697,
      7393.264538639865,
      2525.9607956630934,
      14058.770714601502,
      95707.24257297977,
      22339.833675640402,
      10839.058192379714,
      5640.960084034537,
      77276.48271639436,
      12876.479104952305,
      6617.508276222361,
      31678.858003031375,
      2579.841514460699,
      70940.73492519557,
      3920.9567533858644,
      5393.594262784303,
      70820.36755968322,
      2910.239273013518,
      28307.32281774585,
      12695.477044471394,
      3287.8094801631087,
      122776.95614292985,
      5318.401670123552,
      47090.60672538422,
      18857.12255528412,
      52906.59091379674,
      5701.173286170611,
      20804.233569400414,
      25045.34677673453,
      6172.763602355233,
      16991.953873530496,
      13144.883445671177,
      7026.8500371485425,
      19737.490164174145,
      29893.550362645532,
      29947.640425399237,
      14303.446197119105,
      43435.67353830737,
      1828.0428866835355,
      6745.038923420478,
      29169.85880217864,
      52233.66007156472,
      1959.0605140273692
    ],
    "2022": [
      3368.581757954271,
      80187.71733889205,
      47942.40111562805,
      13298.17499803254,
      2390.8715607068225,
      34946.840042056516,
      6413.712967283049,
      31184.14510339711,
      31374.530369315064,
      9032.98201409448,
      3017.9281371683464,
      17066.20994583046,
      116635.31512176944,
      27083.50179198524,
      13211.695377984317,
      6856.863825637542,
      94062.03950034257,
      15723.555936605204,
      8150.90522951915,
      38626.60690047481,
      3192.670891844624,
      85584.48795138812,
      4839.434135064221,
      6539.054298719944,
      85382.82618024776,
      3604.8428482643503,
      34495.605092736194,
      15227.39227280661,
      3952.003913594075,
      148305.98776085908,
      6516.411151664244,
      56993.284872234886,
      22674.539729963697,
      64872.60066035355,
      6802.165719839992,
      24740.326836165623,
      30814.47077857003,
      7528.7945943130035,
      20560.2600506788,
      15894.948117411113,
      8440.43441892184,
      24046.357145542395,
      36070.86580873234,
      36165.649668675556,
      17378.95243939865,
      51379.81415017339,
      2243.8288863656453,
      8165.001948630641,
      35088.342644651595,
      63308.950255283155,
      2497.581455463107
    ],