{
  "sheet": "Operation Impacts",
  "data": {
    "State": [
      "Total Annual Operation Cost",
      "Economic Contribution",
      " Earnings ",
      "Direct On-Site Jobs",
      "Total Jobs",
      "Total Number of Apartments",
      null,
      "Operation Cost per 100",
      "Employment per 100",
      null,
      "Ec. Cont. per 100",
      "Earnings per 100",
      "Employment per 100"
    ],
    "Alabama": [
      681976911.5019772,
      1329309395.899654,
      432904621.9063136,
      5460.767983171704,
      12943.112273713574,
      208874,
      null,
      326501.5806,
      2.614383783,
      null,
      636416.8809,
      207256.3468,
      6.196612443
    ],
    "Alaska": [
      112241302.1112976,
      199116631.1519525,
      65018917.00442826,
      724.0704358593256,
      1656.2387149846213,
      32153,
      null,
      349085.0064,
      2.251952962,
      null,
      619278.5468,
      202217.2643,
      5.151117205
    ],
    "Arizona": [
      1388866115.6563542,
      2789007046.4396067,
      931000012.1740396,
      9825.335931070209,
      24336.374567667805,
      397859,
      null,
      349085.0064,
      2.469552261,
      null,
      701003.8849,
      234002.5014,
      6.116833996
    ],
    "Arkansas": [
      368514308.2615829,
      657011262.198787,
      209258638.8604903,
      2741.64465747067,
      6312.362659360471,
      113110,
      null,
      325801.7048,
      2.423874686,
      null,
      580860.4564,
      185004.5432,
      5.580729077
    ],
    "California": [
      9763572507.7068,
      21586096949.41132,
      7058828597.331832,
      65146.36228301756,
      161784.47609364582,
      2796904,
      null,
      349085.0064,
      2.32923126,
      null,
      771785.4081,
      252380.0816,
      5.784412911
    ],
    "Colorado": [
      1196086285.4478831,
      2645521587.44791,
      868931568.5658927,
      9063.070406411794,
      22400.28481648739,
      374037,
      null,
      319777.5315,
      2.423041145,
      null,
      707288.7408,
      232311.6613,
      5.988788493
    ],
    "Connecticut": [
      815919112.1667575,
      1569723934.162484,
      498469463.1960371,
      4819.405608405255,
      11389.701274344137,
      203072,
      null,
      401788.091,
      2.373249689,
      null,
      772988.8582,
      245464.3984,
      5.60870099
    ],
    "Delaware": [
      184207786.08330703,
      332631183.43428475,
      88625313.20925634,
      988.9882442582295,
      2296.035107869906,
      45847,
      null,
      401788.091,
      2.15714931,
      null,
      725524.4257,
      193306.6792,
      5.008037839
    ],
    "District of Columbia": [
      515940516,
      675796429.834344,
      53780091.566291995,
      749.2533404210744,
      1577.702758924656,
      116046,
      null,
      444600,
      0.6456520177,
      null,
      582352.1964,
      46343.7702,
      1.359549454
    ],
    "Florida": [
      4086862729.8125873,
      8402978024.454012,
      2815488776.920649,
      31827.060495541198,
      78055.86586531479,
      1251713,
      null,
      326501.5806,
      2.54268035,
      null,
      671318.2674,
      224930.8569,
      6.23592356
    ],
    "Georgia": [
      1815613254.5215344,
      3928790996.5531125,
      1264113466.0076005,
      13973.81873164606,
      34474.808192844,
      556081,
      null,
      326501.5806,
      2.512910661,
      null,
      706514.1583,
      227325.4195,
      6.199601891
    ],
    "Hawaii": [
      333505342.57478434,
      631575408.9956553,
      210364831.43055415,
      2229.5970164485902,
      5403.651329064804,
      95537,
      null,
      349085.0064,
      2.333752385,
      null,
      661079.3818,
      220192.0004,
      5.656082281
    ],
    "Idaho": [
      163188869.86842576,
      280003379.4531218,
      93371449.29487742,
      1239.8505042023592,
      2857.4834570351773,
      51032,
      null,
      319777.5315,
      2.429554993,
      null,
      548681.9632,
      182966.4706,
      5.599395393
    ],
    "Illinois": [
      2695599707.0778255,
      6058538251.23808,
      1919382902.2268162,
      18413.80856392457,
      45811.71432618793,
      791747,
      null,
      340462.2571,
      2.325718767,
      null,
      765211.3934,
      242423.767,
      5.78615572
    ],
    "Indiana": [
      1066320980.1329981,
      2107027864.0022216,
      655951616.2127343,
      7357.688885655103,
      17993.96393875812,
      313198,
      null,
      340462.2571,
      2.349213241,
      null,
      672746.2704,
      209436.7193,
      5.745235901
    ],
    "Iowa": [
      459904045.7845468,
      767132825.6819061,
      243380761.12513638,
      3111.6600054120754,
      7086.494496325461,
      143820,
      null,
      319777.5315,
      2.163579478,
      null,
      533397.8763,
      169225.9499,
      4.927335903
    ],
    "Kansas": [
      458346729.2062053,
      821533802.2282642,
      245972230.57523927,
      2882.8361742712273,
      6785.043219764761,
      143333,
      null,
      319777.5315,
      2.011285729,
      null,
      573164.4508,
      171608.9321,
      4.733762092
    ],
    "Kentucky": [
      651859251.397532,
      1270219455.8657448,
      383497271.76743627,
      4716.929768040664,
      11294.68832957337,
      191463,
      null,
      340462.2571,
      2.463624705,
      null,
      663428.1589,
      200298.3719,
      5.899149355
    ],
    "Louisiana": [
      623203274.9288335,
      1206647427.3237572,
      395380723.3229246,
      4785.054617900039,
      11298.470963785574,
      191283,
      null,
      325801.7048,
      2.501557701,
      null,
      630817.9124,
      206699.353,
      5.906678044
    ],
    "Maine": [
      203433346.23792183,
      381544326.7028783,
      127758786.07091601,
      1523.7638378383263,
      3649.5667680065753,
      50632,
      null,
      401788.091,
      3.009487751,
      null,
      753563.6094,
      252328.1444,
      7.208024111
    ],
    "Maryland": [
      1644904373.0530148,
      3213506566.953219,
      988044709.7617544,
      10258.355604468026,
      24262.036840127326,
      409396,
      null,
      401788.091,
      2.505729319,
      null,
      784938.4378,
      241342.0526,
      5.926300413
    ],
    "Massachusetts": [
      1814828592.501075,
      3665367567.216794,
      1162671752.6144063,
      11097.14652370956,
      26412.318441081126,
      451688,
      null,
      401788.091,
      2.456816768,
      null,
      811482.1663,
      257405.9423,
      5.84746959
    ],
    "Michigan": [
      1735414430.98721,
      3515130521.568662,
      1153882261.406689,
      12572.294997414236,
      31003.27946362351,
      509723,
      null,
      340462.2571,
      2.466495527,
      null,
      689615.8348,
      226374.3762,
      6.082377971
    ],
    "Minnesota": [
      1213390461.351924,
      2473805870.0335417,
      792176523.3791397,
      8431.237467402745,
      20200.40184815024,
      356395,
      null,
      340462.2571,
      2.365700267,
      null,
      694119.1291,
      222274.8701,
      5.66798127
    ],
    "Mississippi": [
      357894707.59543663,
      655115167.5175114,
      208560635.5882875,
      2767.3458123797795,
      6426.6071800895625,
      109615,
      null,
      326501.5806,
      2.524605038,
      null,
      597651.0218,
      190266.5106,
      5.86289028
    ],
    "Missouri": [
      855229019.0853019,
      1764421278.8168483,
      524015069.3449271,
      5445.184786755197,
      13489.35627222865,
      267445,
      null,
      319777.5315,
      2.036001715,
      null,
      659732.3857,
      195933.7693,
      5.043787049
    ],