{
  "sheet": "Spending Impacts (metro)",
  "data": {
    "Metro": [
      "Total Number of Renter Households",
      "Direct Consumer Spending",
      "Direct Jobs Supported",
      "Total Consumer Spending",
      "Total Jobs Supported",
      "Consumer Spending per 100",
      "Jobs Supported per 100",
      "Consumer Spending per 100",
      "Jobs Supported per 100"
    ],
    "Albuquerque": [
      45567,
      534209381.44740003,
      4474.495246271701,
      908957262.5327512,
      11060.057349734392,
      1172360.22,
      9.819595862,
      1994770.914,
      24.27207705
    ],
    "Atlanta": [
      341970,
      5403544174.5948,
      45721.96524573656,
      10947580497.729063,
      120349.35691982777,
      1580122.284,
      13.37016851,
      3201327.747,
      35.19295755
    ],
    "Austin": [
      154989,
      2688956953.35318,
      20159.538367220353,
      4980486069.00076,
      51449.15786698307,
      1734934.062,
      13.00707687,
      3213444.87,
      33.19536088
    ],
    "Baltimore": [
      171011,
      3262767357.45894,
      23400.401409432932,
      6041340039.070973,
      59212.3757264291,
      1907928.354,
      13.68356504,
      3532720.14,
      34.62489298
    ],
    "Birmingham": [
      56557,
      826404523.59978,
      7142.976374599538,
      1528848368.659593,
      18266.019185125937,
      1461188.754,
      12.6296946,
      2703199.195,
      32.29665503
    ],
    "Boston": [
      324267,
      6710963597.22258,
      44601.866995688055,
      12150870689.131203,
      110345.01894733225,
      2069579.574,
      13.75467346,
      3747180.777,
      34.02906215
    ],
    "Charleston": [
      36835,
      573254909.2125,
      4900.8416554490295,
      998724702.8300174,
      12324.636595123222,
      1556277.75,
      13.30485043,
      2711347.096,
      33.45903786
    ],
    "Charlotte": [
      116116,
      1937028626.3328,
      15536.78687309858,
      3747181877.6408014,
      40440.702551988295,
      1668184.08,
      13.38040139,
      3227102.103,
      34.82784677
    ],
    "Chicago": [
      604255,
      11174467279.0959,
      98611.17547008957,
      23636233188.74365,
      259081.14131256632,
      1849296.618,
      16.31946371,
      3911632.206,
      42.87612702
    ],
    "Cincinnati": [
      123569,
      1711270998.852,
      14988.884938262352,
      3329448855.3664513,
      38398.52543484049,
      1384870.8,
      12.12997187,
      2694404.628,
      31.07456193
    ],
    "Columbus": [
      122174,
      1791805750.81872,
      15212.861867101728,
      3481120212.6906095,
      38891.68136324557,
      1466601.528,
      12.45179978,
      2849313.449,
      31.83302615
    ],
    "Dallas Fort Worth": [
      530416,
      8904332132.2416,
      70089.87583648463,
      18608273289.958496,
      188520.73903739272,
      1678745.01,
      13.21413303,
      3508241.322,
      35.5420536
    ],
    "Denver": [
      222569,
      3566002449.89892,
      27963.131336267346,
      7149478311.802345,
      72922.25389871799,
      1602200.868,
      12.56380329,
      3212252.52,
      32.76388621
    ],
    "Detroit": [
      219072,
      2835655121.61792,
      24748.80738212075,
      5367895145.222722,
      63208.45405393641,
      1294394.136,
      11.29711117,
      2450288.099,
      28.85282193
    ],
    "Houston": [
      470719,
      8506125825.45276,
      65701.63252453698,
      16232239912.711502,
      168728.36248626345,
      1807049.604,
      13.95771841,
      3448392.759,
      35.84481665
    ],
    "Indianapolis": [
      103823,
      1502827652.7523801,
      13197.115597100126,
      2882273155.21379,
      34140.93804969802,
      1447490.106,
      12.71116766,
      2776141.274,
      32.88379073
    ],
    "Las Vegas": [
      148938,
      2084783884.2338402,
      15598.522875422062,
      3547885214.1891494,
      39478.301545405695,
      1399766.268,
      10.47316526,
      2382122.235,
      26.50653396
    ],
    "Los Angeles": [
      1224093,
      23436638960.60916,
      166010.96065150303,
      47107644310.82441,
      429387.3497251126,
      1914612.612,
      13.56195654,
      3848371.35,
      35.07800059
    ],
    "Louisville": [
      67171,
      869112809.19684,
      7845.645210315643,
      1658354151.2284904,
      20084.067173887015,
      1293881.004,
      11.6801078,
      2468854.344,
      29.89990796
    ],
    "Miami": [
      431641,
      6746305850.648279,
      53671.41161928299,
      12699920763.845387,
      140699.60555995037,
      1562943.708,
      12.43427098,
      2942241.53,
      32.59644139
    ],
    "Minneapolis": [
      244071,
      3567744057.75498,
      32429.35068796911,
      7192572020.43404,
      83719.61173606104,
      1461764.838,
      13.28685124,
      2946917.913,
      34.30133516
    ],
    "Nashville": [
      100657,
      1440127184.4004202,
      11229.98074923737,
      2887743030.1597223,
      29646.02617991173,
      1430727.306,
      11.15668135,
      2868894.394,
      29.4525231
    ],
    "New Orleans": [
      61421,
      871431766.5564599,
      6965.049617151855,
      1548447105.9941735,
      17437.698221501385,
      1418784.726,
      11.33985057,
      2521038.58,
      28.39044988
    ],
    "New York City": [
      2102973,
      48001922748.07956,
      364027.44615540834,
      91107649375.855,
      916803.1231423959,
      2282574.372,
      17.31013409,
      4332326.158,
      43.5955727
    ],
    "Orlando": [
      139288,
      2063908979.7912,
      15540.095182119887,
      3798005304.6117663,
      40449.313749539855,
      1481756.49,
      11.15680833,
      2726728.293,
      29.04005639
    ],
    "Philadelphia": [
      291752,
      5072148029.0558405,
      40569.7702375587,
      10489202124.087479,
      105469.23168658135,
      1738513.542,
      13.90556714,
      3595246.005,
      36.15030289
    ],
    "Phoenix": [
      248934,
      3575301520.90104,
      27716.647740359505,
      6919996093.703963,
      73759.54296664472,
      1436244.756,
      11.13413505,
      2779851.725,
      29.63016019
    ],
    "Pittsburgh": [
      113073,
      1391947262.16894,
      11842.38096202842,
      2586794792.014758,
      29530.161166914062,
      1231016.478,
      10.47321727,
      2287721.023,
      26.11601458
    ],
    "Portland": [
      165054,
      2617855914.74472,
      20793.304332572396,
      5101154035.471561,
      54199.82707328321,
      1586060.268,
      12.59787968,
      3090597.038,
      32.83763318
    ],
    "Richmond": [
      68533,
      1009827663.78696,
      8608.915151367955,
      1932103269.1235905,
      21682.41370023533,
      1473491.112,
      12.56170772,
      2819230.545,
      31.63791706
    ],
    "Riverside": [
      151356,
      2188237340.40696,
      14812.48762822987,
      3713657590.404652,
      35635.88273599542,
      1445755.266,
      9.786521597,
      2453591.262,
      23.54441366
    ],
    "Salt Lake City": [
      61129,
      976984559.6664,
      7005.670833083756,
      1882356151.109253,
      18607.061732670456,
      1598234.16,
      11.46047021,
      3079317.756,
      30.43900887
    ],
    "San Antonio": [
      124599,
      1819411705.4427001,
      14128.583703472576,
      3544759825.7140126,
      36741.381920880434,
      1460213.73,
      11.33924326,
      2844934.41,
      29.48770208
    ],
    "San Diego": [
      261746,
      4762827260.9469595,
      34665.63382943704,
      8596903206.009262,
      87021.14060203581,
      1819637.076,
      13.24399755,
      3284444.922,
      33.24640705
    ],
    "San Francisco": [
      399375,
      10176872168.475,
      67536.57135753412,
      18829248886.112446,
      168469.97725136887,
      2548199.604,
      16.9105656,
      4714678.907,
      42.18340588
    ],