{
  "sheet": "State Apt Residents",
  "data": {
    "Alabama": [
      348090,
      0.07319313323130998,
      null,
      "Source: 2017 American Community Survey, 1-Year Estimates, US Census Bureau "
    ],
    "Alaska": [
      56246,
      0.07896946296946297
    ],
    "Arizona": [
      730554,
      0.10647725949395777
    ],
    "Arkansas": [
      213382,
      0.07309262342785365
    ],
    "California": [
      6539242,
      0.1688906557025502
    ],
    "Colorado": [
      717179,
      0.13068451938959869
    ],
    "Connecticut": [
      362153,
      0.10425731349711513
    ],
    "Delaware": [
      96206,
      0.10268490401908412
    ],
    "District of Columbia": [
      230328,
      0.3521635626119012
    ],
    "Florida": [
      2663734,
      0.12958265645092729
    ],
    "Georgia": [
      1084684,
      0.10664911540003694
    ],
    "Hawaii": [
      179752,
      0.12996284441578104
    ],
    "Idaho": [
      84592,
      0.05014353908157513
    ],
    "Illinois": [
      1406783,
      0.11253140486453833
    ],
    "Indiana": [
      528904,
      0.0816266057818177
    ],
    "Iowa": [
      243915,
      0.08008482756718635
    ],
    "Kansas": [
      212493,
      0.07500733331144813
    ],
    "Kentucky": [
      304736,
      0.07050473762703582
    ],
    "Louisiana": [
      303271,
      0.06658354454169103
    ],
    "Maine": [
      78001,
      0.06001798977706681
    ],
    "Maryland": [
      833651,
      0.14102152476623595
    ],
    "Massachusetts": [
      846549,
      0.12808597074543535
    ],
    "Michigan": [
      832506,
      0.08553915738629153
    ],
    "Minnesota": [
      642681,
      0.11804070513544593
    ],
    "Mississippi": [
      185613,
      0.06420027144851402
    ],
    "Missouri": [
      419802,
      0.07068962468837693
    ],
    "Montana": [
      55516,
      0.05433742133132359
    ],
    "Nebraska": [
      195747,
      0.10478619274209997
    ],
    "Nevada": [
      441853,
      0.14928479940698675
    ],
    "New Hampshire": [
      132178,
      0.10165098837817385
    ],
    "New Jersey": [
      1119795,
      0.12692388647254865
    ],
    "New Mexico": [
      130686,
      0.06390185345006735
    ],
    "New York": [
      4672638,
      0.24244164761435125
    ],
    "North Carolina": [
      889193,
      0.08886022572194005
    ],
    "North Dakota": [
      114953,
      0.15763181350702776
    ],
    "Ohio": [
      1064300,
      0.09384418972380111
    ],
    "Oklahoma": [
      283584,
      0.07421011230015655
    ],
    "Oregon": [
      465186,
      0.1147694069632981
    ],
    "Pennsylvania": [
      910121,
      0.0735032626667848
    ],
    "Rhode Island": [
      107744,
      0.10586853883454601
    ],
    "South Carolina": [
      384494,
      0.0786627009408165
    ],
    "South Dakota": [
      84337,
      0.10091996716454345
    ],
    "Tennessee": [
      627493,
      0.09563605161203793
    ],
    "Texas": [
      3836680,
      0.1385178794851702
    ],
    "Utah": [
      267339,
      0.08752953240575823
    ],
    "Vermont": [
      40599,
      0.06782280105044404
    ],
    "Virginia": [
      1016488,
      0.12354422108854865
    ],
    "Washington": [
      977894,
      0.1346450856858274
    ],
    "West Virginia": [
      89117,
      0.050393429181333674
    ],
    "Wisconsin": [
      592001,
      0.10478665331819122
    ],
    "Wyoming": [
      28326,
      0.05011836895017888
    ]
  },
  "labels": [
    "apartment residents",
    "% of Total Population",
    null,
    "Time Period: 2017"
  ]
}