{
  "sheet": "State Building Units",
  "data": {
    "Alabama": [
      3173,
      2640.71428571429,
      1,
      null,
      328455.8571428572
    ],
    "Alaska": [
      180,
      241.21428571428572
    ],
    "Arizona": [
      6670.833333333333,
      16854.5
    ],
    "Arkansas": [
      1993.8333333333333,
      1075.857142857143,
      1
    ],
    "California": [
      38846.333333333336,
      47461.42857142857
    ],
    "Colorado": [
      10766.333333333334,
      7177.5,
      1
    ],
    "Connecticut": [
      2267.3333333333335,
      1801.7857142857142,
      1
    ],
    "Delaware": [
      761,
      878.5
    ],
    "District of Columbia": [
      3888.6666666666665,
      1231.642857142857,
      1
    ],
    "Florida": [
      27703.166666666668,
      47813.642857142855
    ],
    "Georgia": [
      10087.833333333334,
      15736.92857142857
    ],
    "Hawaii": [
      1420.6666666666667,
      1872
    ],
    "Idaho": [
      1361,
      1041.5714285714287,
      1
    ],
    "Illinois": [
      7130.666666666667,
      1984.857142857143,
      1
    ],
    "Indiana": [
      4221.166666666667,
      3672.0714285714284
    ],
    "Iowa": [
      3108.1666666666665,
      1164.2142857142858
    ],
    "Kansas": [
      2504.1666666666665,
      3166.0714285714284
    ],
    "Kentucky": [
      3195.5,
      1945.2142857142858
    ],
    "Louisiana": [
      1354,
      1175.7857142857142
    ],
    "Maine": [
      470.6666666666667,
      309.14285714285717
    ],
    "Maryland": [
      5811.166666666667,
      6260.571428571428
    ],
    "Massachusetts": [
      6307.666666666667,
      6586.571428571428
    ],
    "Michigan": [
      2838.8333333333335,
      3729.8571428571427
    ],
    "Minnesota": [
      6293.5,
      5434.928571428572
    ],
    "Mississippi": [
      875.6666666666666,
      822.0714285714286
    ],
    "Missouri": [
      4774,
      2943
    ],
    "Montana": [
      1149.6666666666667,
      440.2857142857143
    ],
    "Nebraska": [
      2239.8333333333335,
      1502.2142857142858
    ],
    "Nevada": [
      3127.5,
      7773.142857142857
    ],
    "New Hampshire": [
      771.6666666666666,
      968.9285714285714
    ],
    "New Jersey": [
      13226.5,
      2544.6428571428573
    ],
    "New Mexico": [
      857.5,
      1150
    ],
    "New York": [
      25544.5,
      9037
    ],
    "North Carolina": [
      14422.833333333334,
      15682.214285714286
    ],
    "North Dakota": [
      4410.666666666667,
      746.7857142857143
    ],
    "Ohio": [
      5651.666666666667,
      3559.714285714286
    ],
    "Oklahoma": [
      2261.3333333333335,
      2514.1428571428573
    ],
    "Oregon": [
      5854.333333333333,
      4072.5714285714284
    ],
    "Pennsylvania": [
      5186.166666666667,
      2861
    ],
    "Rhode Island": [
      49.5,
      508.92857142857144
    ],
    "South Carolina": [
      4628.166666666667,
      4532.785714285715
    ],
    "South Dakota": [
      1549.5,
      813.9285714285714
    ],
    "Tennessee": [
      7542.166666666667,
      4729
    ],
    "Texas": [
      54053.666666666664,
      53514.57142857143
    ],
    "Utah": [
      4375.666666666667,
      3070.6428571428573
    ],
    "Vermont": [
      519.6666666666666,
      244.92857142857142
    ],
    "Virginia": [
      9068.666666666666,
      9630.357142857143
    ],
    "Washington": [
      14163.666666666666,
      9786.785714285714
    ],
    "West Virginia": [
      563.6666666666666,
      37.285714285714285
    ],
    "Wisconsin": [
      5060.833333333333,
      3527.3571428571427
    ],
    "Wyoming": [
      323,
      185
    ],
    "": [
      "Source: Axiometrics",
      "Source: Hoyt Advisory Services"
    ]
  },
  "labels": [
    "2011-2016 New Supply Average (Permits)",
    "units needed per year"
  ]
}