{
  "sheet": "State Rentership Rate",
  "data": {
    "Alabama": [
      0.30374999999999996,
      0.31441035496577063,
      null,
      "Source: Hoyt Advisory Services"
    ],
    "Alaska": [
      0.3484999999999999,
      0.34633244378510153
    ],
    "Arizona": [
      0.32375,
      0.33465419731950263
    ],
    "Arkansas": [
      0.38075000000000003,
      0.3987447616634564
    ],
    "California": [
      0.46175,
      0.4663365690368384
    ],
    "Colorado": [
      0.376,
      0.3789553460060381
    ],
    "Connecticut": [
      0.35849999999999993,
      0.3838208667912807
    ],
    "Delaware": [
      0.2702499999999999,
      0.2868175486887208
    ],
    "District of Columbia": [
      0.5914999999999999,
      0.5862492609598114
    ],
    "Florida": [
      0.35650000000000004,
      0.36677954190148154
    ],
    "Georgia": [
      0.3767499999999999,
      0.3944624357791132
    ],
    "Hawaii": [
      0.42299999999999993,
      0.43702830308402696
    ],
    "Idaho": [
      0.2945,
      0.30669409167786255
    ],
    "Illinois": [
      0.3467500000000001,
      0.33705728768279386
    ],
    "Indiana": [
      0.29074999999999984,
      0.29599012271075054
    ],
    "Iowa": [
      0.30025,
      0.3123317526973365
    ],
    "Kansas": [
      0.3294999999999999,
      0.35811667833705874
    ],
    "Kentucky": [
      0.32025000000000003,
      0.32454950555279904
    ],
    "Louisiana": [
      0.358,
      0.3568902475236112
    ],
    "Maine": [
      0.2735000000000001,
      0.28330785963982363
    ],
    "Maryland": [
      0.3345,
      0.3445926272188541
    ],
    "Massachusetts": [
      0.40225,
      0.4259876993690106
    ],
    "Michigan": [
      0.27175000000000016,
      0.2767347632316284
    ],
    "Minnesota": [
      0.27549999999999997,
      0.29479394343958587
    ],
    "Mississippi": [
      0.3025,
      0.31166745279309993
    ],
    "Missouri": [
      0.3330000000000001,
      0.3375288554907401
    ],
    "Montana": [
      0.32899999999999996,
      0.33451643584033663
    ],
    "Nebraska": [
      0.32025000000000003,
      0.33461685607332636
    ],
    "Nevada": [
      0.4544999999999999,
      0.4649990182452476
    ],
    "New Hampshire": [
      0.28075000000000006,
      0.30634906918721927
    ],
    "New Jersey": [
      0.378,
      0.37205975849006134
    ],
    "New Mexico": [
      0.32675,
      0.3349544947204254
    ],
    "New York": [
      0.48450000000000004,
      0.4785104906500025
    ],
    "North Carolina": [
      0.3425,
      0.35208486753704427
    ],
    "North Dakota": [
      0.38524999999999987,
      0.3857763775574896
    ],
    "Ohio": [
      0.3390000000000001,
      0.34583136918045176
    ],
    "Oklahoma": [
      0.33199999999999985,
      0.3376763377069393
    ],
    "Oregon": [
      0.3742500000000001,
      0.369285840321942
    ],
    "Pennsylvania": [
      0.31525000000000003,
      0.31624419390612046
    ],
    "Rhode Island": [
      0.43700000000000006,
      0.44685810780984836
    ],
    "South Carolina": [
      0.3115000000000001,
      0.32185262403559156
    ],
    "South Dakota": [
      0.30525,
      0.332016793560183
    ],
    "Tennessee": [
      0.3355,
      0.3398911166482391
    ],
    "Texas": [
      0.38549999999999995,
      0.39679869823901426
    ],
    "Utah": [
      0.28700000000000003,
      0.30808773585794913
    ],
    "Vermont": [
      0.2865000000000001,
      0.30813983460961936
    ],
    "Virginia": [
      0.3367500000000001,
      0.3559805039104327
    ],
    "Washington": [
      0.3842500000000001,
      0.3892370737951415
    ],
    "West Virginia": [
      0.2527499999999999,
      0.24768343242762003
    ],
    "Wisconsin": [
      0.32325000000000004,
      0.33701661421277096
    ],
    "Wyoming": [
      0.29799999999999993,
      0.29574095165302805
    ]
  },
  "labels": [
    "2016 Rentership Rate",
    "2030 Rentership Rate",
    null,
    "Time Period: 2016-2030"
  ]
}