{
  "sheet": "State % of Total HHs",
  "data": {
    "Alabama": 0.1013246,
    "Alaska": 0.0888075,
    "Arizona": 0.1374185,
    "Arkansas": 0.0964747,
    "California": 0.2065511,
    "Colorado": 0.1669152,
    "Connecticut": 0.1507746,
    "Delaware": 0.1192879,
    "District of Columbia": 0.4241305,
    "Florida": 0.1442372,
    "Georgia": 0.1368848,
    "Hawaii": 0.1893106,
    "Idaho": 0.0822027,
    "Illinois": 0.1554202,
    "Indiana": 0.1162771,
    "Iowa": 0.1164586,
    "Kansas": 0.1162525,
    "Kentucky": 0.0971297,
    "Louisiana": 0.0924108,
    "Maine": 0.0801343,
    "Maryland": 0.1778911,
    "Massachusetts": 0.1697747,
    "Michigan": 0.1126979,
    "Minnesota": 0.1573921,
    "Mississippi": 0.0781014,
    "Missouri": 0.1034912,
    "Montana": 0.0815471,
    "Nebraska": 0.1338554,
    "Nevada": 0.1907807,
    "New Hampshire": 0.1176103,
    "New Jersey": 0.1604744,
    "New Mexico": 0.0887678,
    "New York": 0.2623855,
    "North Carolina": 0.1150317,
    "North Dakota": 0.2077874,
    "Ohio": 0.1274748,
    "Oklahoma": 0.1060728,
    "Oregon": 0.1478671,
    "Pennsylvania": 0.1061327,
    "Rhode Island": 0.1672229,
    "South Carolina": 0.0974376,
    "South Dakota": 0.13603,
    "Tennessee": 0.1159949,
    "Texas": 0.1859536,
    "Utah": 0.1190998,
    "Vermont": 0.084075,
    "Virginia": 0.1466946,
    "Washington": 0.1780708,
    "West Virginia": 0.0675768,
    "Wisconsin": 0.1368678,
    "Wyoming": 0.0707695
  },
  "labels": [
    "% apartment households of total households",
    null,
    "Time Period: 2016"
  ]
}