{
  "sheet": "State Apt Residents",
  "data": {
    "Alabama": [
      362390,
      0.07639490425181839,
      null,
      "Source: 2016 American Community Survey, 1-Year Estimates, US Census Bureau "
    ],
    "Alaska": [
      52960,
      0.07416660598150317
    ],
    "Arizona": [
      752086,
      0.11102224442413205
    ],
    "Arkansas": [
      219641,
      0.07565549831167484
    ],
    "California": [
      6658018,
      0.17322146937198776
    ],
    "Colorado": [
      728040,
      0.13426477476846133
    ],
    "Connecticut": [
      385197,
      0.11128049837411338
    ],
    "Delaware": [
      81602,
      0.0880274777078034
    ],
    "District of Columbia": [
      234404,
      0.36545624344209005
    ],
    "Florida": [
      2629196,
      0.13029546668019906
    ],
    "Georgia": [
      1098277,
      0.10924361807161828
    ],
    "Hawaii": [
      193045,
      0.13945617545710012
    ],
    "Idaho": [
      86967,
      0.052608814533769525
    ],
    "Illinois": [
      1403527,
      0.11227569292008781
    ],
    "Indiana": [
      554484,
      0.08601984393114429
    ],
    "Iowa": [
      246435,
      0.0812197179004389
    ],
    "Kansas": [
      214433,
      0.07581834259878999
    ],
    "Kentucky": [
      320055,
      0.0743324122343131
    ],
    "Louisiana": [
      314909,
      0.06916434551402202
    ],
    "Maine": [
      79694,
      0.0615118861180299
    ],
    "Maryland": [
      853691,
      0.1452865529640335
    ],
    "Massachusetts": [
      845200,
      0.12885731522155242
    ],
    "Michigan": [
      826462,
      0.0852212978691943
    ],
    "Minnesota": [
      631766,
      0.11726713156547053
    ],
    "Mississippi": [
      183861,
      0.06349523736508285
    ],
    "Missouri": [
      432395,
      0.07306928159932324
    ],
    "Montana": [
      58067,
      0.057285171972913676
    ],
    "Nebraska": [
      180122,
      0.09711326844091048
    ],
    "Nevada": [
      419425,
      0.1445227621842931
    ],
    "New Hampshire": [
      126036,
      0.0975209668221656
    ],
    "New Jersey": [
      1121135,
      0.12800446009287825
    ],
    "New Mexico": [
      135922,
      0.06669748288424093
    ],
    "New York": [
      4619778,
      0.2409984702121749
    ],
    "North Carolina": [
      943028,
      0.09534370536899547
    ],
    "North Dakota": [
      116064,
      0.15858922488532534
    ],
    "Ohio": [
      1042925,
      0.09228487229792938
    ],
    "Oklahoma": [
      292762,
      0.07676601131763884
    ],
    "Oregon": [
      451822,
      0.11282329929904635
    ],
    "Pennsylvania": [
      907953,
      0.073477986174903
    ],
    "Rhode Island": [
      120681,
      0.11905306834347137
    ],
    "South Carolina": [
      375011,
      0.0777299458994718
    ],
    "South Dakota": [
      80756,
      0.09712740725773474
    ],
    "Tennessee": [
      597163,
      0.09189646695284782
    ],
    "Texas": [
      3865013,
      0.14181248292018403
    ],
    "Utah": [
      265552,
      0.0883570830370651
    ],
    "Vermont": [
      45433,
      0.07580328153311733
    ],
    "Virginia": [
      971125,
      0.1188621012359333
    ],
    "Washington": [
      963861,
      0.13489232948144333
    ],
    "West Virginia": [
      89822,
      0.050374773915847625
    ],
    "Wisconsin": [
      583100,
      0.10352512734691428
    ],
    "Wyoming": [
      30348,
      0.053129228953924204
    ]
  },
  "labels": [
    "apartment residents",
    "% of Total Population",
    null,
    "Time Period: 2016"
  ]
}