{
  "sheet": "State Renter Households",
  "data": {
    "Alabama": [
      596.7919012499999,
      596791.9012499999,
      692.8481778478358,
      692848.1778478358,
      "Source: Hoyt Advisory Services"
    ],
    "Alaska": [
      95.93337234999998,
      95933.37234999999,
      108.36077207743777,
      108360.77207743777
    ],
    "Arizona": [
      851.75743625,
      851757.4362499999,
      1199.2892033453904,
      1199289.2033453905
    ],
    "Arkansas": [
      458.64231200000006,
      458642.31200000003,
      522.3592264819836,
      522359.22648198355
    ],
    "California": [
      6195.3828650000005,
      6195382.865,
      7487.5232692839345,
      7487523.2692839345
    ],
    "Colorado": [
      812.912752,
      812912.752,
      1008.7976998800268,
      1008797.6998800269
    ],
    "Connecticut": [
      504.11230349999994,
      504112.3034999999,
      572.0673461925318,
      572067.3461925318
    ],
    "Delaware": [
      99.51821124999995,
      99518.21124999995,
      123.67211309346293,
      123672.11309346293
    ],
    "District of Columbia": [
      176.97159479999996,
      176971.59479999996,
      202.30342259634654,
      202303.42259634653
    ],
    "Florida": [
      2938.3446565,
      2938344.6565,
      4145.166328390424,
      4145166.3283904237
    ],
    "Georgia": [
      1447.4422297499996,
      1447442.2297499995,
      1903.5084629972293,
      1903508.4629972293
    ],
    "Hawaii": [
      205.3685727,
      205368.5727,
      245.55431633307114,
      245554.31633307115
    ],
    "Idaho": [
      186.19223565000001,
      186192.23565000002,
      233.92969165092316,
      233929.69165092317
    ],
    "Illinois": [
      1733.4289095000004,
      1733428.9095000003,
      1804.3900127614238,
      1804390.0127614238
    ],
    "Indiana": [
      760.5595504999995,
      760559.5504999995,
      866.7037738056077,
      866703.7738056077
    ],
    "Iowa": [
      382.948458,
      382948.45800000004,
      429.0573123106425,
      429057.3123106425
    ],
    "Kansas": [
      382.1534409999999,
      382153.4409999999,
      481.55519995970246,
      481555.19995970244
    ],
    "Kentucky": [
      569.08136775,
      569081.36775,
      652.2198791509935,
      652219.8791509935
    ],
    "Louisiana": [
      657.96462,
      657964.62,
      715.3001337211789,
      715300.1337211789
    ],
    "Maine": [
      157.35986600000004,
      157359.86600000004,
      172.9576634705966,
      172957.6634705966
    ],
    "Maryland": [
      758.8503795,
      758850.3795,
      895.65481888843,
      895654.81888843
    ],
    "Massachusetts": [
      1077.8518032499999,
      1077851.8032499999,
      1300.731714650605,
      1300731.714650605
    ],
    "Michigan": [
      1083.4702392500005,
      1083470.2392500006,
      1182.5357951375518,
      1182535.7951375518
    ],
    "Minnesota": [
      607.4849384999999,
      607484.9384999999,
      736.4235709306554,
      736423.5709306553
    ],
    "Mississippi": [
      350.143145,
      350143.145,
      387.40357882418215,
      387403.57882418216
    ],
    "Missouri": [
      824.3668080000002,
      824366.8080000002,
      935.0916288958236,
      935091.6288958236
    ],
    "Montana": [
      145.47896369999998,
      145478.9637,
      171.76840266967284,
      171768.40266967283
    ],
    "Nebraska": [
      244.09573492500004,
      244095.73492500006,
      290.5110082743016,
      290511.0082743016
    ],
    "Nevada": [
      508.8977414999998,
      508897.7414999998,
      705.0556914123928,
      705055.6914123928
    ],
    "New Hampshire": [
      152.20181835000002,
      152201.81835000002,
      184.86116850175804,
      184861.16850175805
    ],
    "New Jersey": [
      1256.43987,
      1256439.8699999999,
      1341.41420764659,
      1341414.20764659
    ],
    "New Mexico": [
      270.7675304,
      270767.5304,
      315.92810805227066,
      315928.10805227066
    ],
    "New York": [
      3695.947203,
      3695947.203,
      3923.00892229321,
      3923008.92229321
    ],
    "North Carolina": [
      1381.190845,
      1381190.845,
      1903.639786744058,
      1903639.7867440581
    ],
    "North Dakota": [
      126.40272092499997,
      126402.72092499997,
      146.46046467135398,
      146460.46467135398
    ],
    "Ohio": [
      1602.5516490000005,
      1602551.6490000004,
      1717.84331849089,
      1717843.3184908899
    ],
    "Oklahoma": [
      519.3070959999998,
      519307.0959999998,
      605.2112218980687,
      605211.2218980688
    ],
    "Oregon": [
      611.9571330000001,
      611957.1330000001,
      726.8730745083236,
      726873.0745083236
    ],
    "Pennsylvania": [
      1631.9707527500002,
      1631970.7527500002,
      1753.6569111882416,
      1753656.9111882416
    ],
    "Rhode Island": [
      188.34568900000002,
      188345.689,
      208.9301616814934,
      208930.1616814934
    ],
    "South Carolina": [
      608.7043305000002,
      608704.3305000002,
      769.213931782231,
      769213.9317822311
    ],
    "South Dakota": [
      105.70312995,
      105703.12995,
      131.55401806197062,
      131554.01806197062
    ],
    "Tennessee": [
      887.062,
      887062,
      1050.1948924374951,
      1050194.892437495
    ],
    "Texas": [
      3874.8224099999998,
      3874822.4099999997,
      5146.177549149355,
      5146177.549149356
    ],
    "Utah": [
      284.46645010000003,
      284466.4501,
      385.43932369980456,
      385439.32369980455
    ],
    "Vermont": [
      76.12072935000002,
      76120.72935000002,
      87.23136740760393,
      87231.36740760393
    ],
    "Virginia": [
      1095.3958905000004,
      1095395.8905000004,
      1346.9789656045148,
      1346978.9656045148
    ],
    "Washington": [
      1095.7273000000002,
      1095727.3000000003,
      1361.2776504725273,
      1361277.6504725274
    ],
    "West Virginia": [
      195.52140982499992,
      195521.40982499992,
      198.84967152332572,
      198849.67152332573
    ],
    "Wisconsin": [
      767.6612115000001,
      767661.2115000001,
      885.3230985733262,
      885323.0985733262
    ],
    "Wyoming": [
      72.22027019999999,
      72220.27019999998,
      81.67300417230679,
      81673.00417230678
    ]
  },
  "labels": [
    "2016 Renter HHs (000)",
    "2016 Renter HHs",
    "2030 Renter HHs (000)",
    "2030 Renter HHs",
    "Time Period: 2016-2030"
  ]
}